term_index,term,TF,IDF,TF-IDF
0,100k,0.0,2.7047480922384253,0.0
1,1st,0.0,2.7047480922384253,0.0
2,3d,0.0,2.7047480922384253,0.0
3,a,0.054411764705882354,1.0,0.054411764705882354
4,abaci,0.0,2.7047480922384253,0.0
5,abdomen,0.0,2.7047480922384253,0.0
6,abdul,0.0,2.7047480922384253,0.0
7,ability,0.0,2.2992829841302607,0.0
8,able,0.0,1.6061358035703155,0.0
9,abnormalities,0.0,2.7047480922384253,0.0
10,absorb,0.0,2.7047480922384253,0.0
11,accelerate,0.0,2.7047480922384253,0.0
12,accent,0.0014705882352941176,2.7047480922384253,0.003977570723880037
13,acceptability,0.0,2.7047480922384253,0.0
14,access,0.0,2.7047480922384253,0.0
15,accident,0.0,2.7047480922384253,0.0
16,accommodate,0.0,2.7047480922384253,0.0
17,accuracy,0.0,2.2992829841302607,0.0
18,accurate,0.0,2.7047480922384253,0.0
19,accurately,0.0,2.7047480922384253,0.0
20,accustomed,0.0,2.7047480922384253,0.0
21,achieve,0.0,2.2992829841302607,0.0
22,achievements,0.0,2.7047480922384253,0.0
23,act,0.0,2.7047480922384253,0.0
24,action,0.0,2.01160091167848,0.0
25,actions,0.0,2.7047480922384253,0.0
26,active,0.0,2.7047480922384253,0.0
27,adam,0.0014705882352941176,2.01160091167848,0.002958236634821294
28,adapt,0.0,2.2992829841302607,0.0
29,add,0.0,1.6061358035703155,0.0
30,addition,0.0,2.7047480922384253,0.0
31,additional,0.0014705882352941176,1.7884573603642702,0.002630084353476868
32,address,0.0,2.2992829841302607,0.0
33,adjust,0.0,2.7047480922384253,0.0
34,adorn,0.0,2.7047480922384253,0.0
35,adult,0.0,2.7047480922384253,0.0
36,advance,0.0,2.7047480922384253,0.0
37,advantage,0.0,2.7047480922384253,0.0
38,advertisements,0.0014705882352941176,2.7047480922384253,0.003977570723880037
39,affect,0.0014705882352941176,2.01160091167848,0.002958236634821294
40,affiliate,0.0,2.7047480922384253,0.0
41,age,0.0,2.2992829841302607,0.0
42,agency,0.0,2.2992829841302607,0.0
43,ages,0.0,2.7047480922384253,0.0
44,agree,0.0,2.7047480922384253,0.0
45,ai,0.0,2.01160091167848,0.0
46,ai21,0.0,2.7047480922384253,0.0
47,aim,0.0,2.2992829841302607,0.0
48,alarms,0.0,2.7047480922384253,0.0
49,alex,0.0,2.2992829841302607,0.0
50,alexa,0.0,2.7047480922384253,0.0
51,alexander,0.0,2.01160091167848,0.0
52,alfie,0.0,2.7047480922384253,0.0
53,alfred,0.0014705882352941176,2.7047480922384253,0.003977570723880037
54,algorithm,0.0,2.7047480922384253,0.0
55,algorithms,0.0,2.2992829841302607,0.0
56,aligned,0.0014705882352941176,2.7047480922384253,0.003977570723880037
57,alignment,0.0,2.7047480922384253,0.0
58,ally,0.0,2.7047480922384253,0.0
59,alonso,0.0,2.7047480922384253,0.0
60,alpes,0.0,2.7047480922384253,0.0
61,alter,0.0,2.7047480922384253,0.0
62,alternating,0.0,2.7047480922384253,0.0
63,alvaro,0.0,2.7047480922384253,0.0
64,amar,0.0014705882352941176,2.7047480922384253,0.003977570723880037
65,amazon,0.0,2.7047480922384253,0.0
66,ambiguous,0.0,2.7047480922384253,0.0
67,amenable,0.0014705882352941176,2.7047480922384253,0.003977570723880037
68,amount,0.0,2.7047480922384253,0.0
69,amy,0.0014705882352941176,2.7047480922384253,0.003977570723880037
70,analog,0.0,2.7047480922384253,0.0
71,analysis,0.0,2.2992829841302607,0.0
72,analyze,0.0,2.7047480922384253,0.0
73,anatomy,0.0,2.7047480922384253,0.0
74,ancelotti,0.0,2.7047480922384253,0.0
75,anchored,0.0,2.7047480922384253,0.0
76,angel,0.0,2.7047480922384253,0.0
77,angeles,0.0,2.7047480922384253,0.0
78,answer,0.0,2.7047480922384253,0.0
79,anthropologists,0.0014705882352941176,2.7047480922384253,0.003977570723880037
80,anthropology,0.0029411764705882353,2.7047480922384253,0.007955141447760074
81,antibiotic,0.0,2.7047480922384253,0.0
82,antibiotics,0.0,2.7047480922384253,0.0
83,antimicrobial,0.0,2.7047480922384253,0.0
84,antimicrobials,0.0,2.7047480922384253,0.0
85,ap,0.0,2.7047480922384253,0.0
86,api,0.0,2.7047480922384253,0.0
87,apis,0.0,2.7047480922384253,0.0
88,appear,0.0,2.7047480922384253,0.0
89,appearances,0.0,2.7047480922384253,0.0
90,appliances,0.0,2.7047480922384253,0.0
91,application,0.0,2.7047480922384253,0.0
92,applications,0.0,2.7047480922384253,0.0
93,apply,0.0,2.01160091167848,0.0
94,approach,0.0014705882352941176,1.7884573603642702,0.002630084353476868
95,approximate,0.0,2.7047480922384253,0.0
96,approximately,0.0,2.2992829841302607,0.0
97,arabia,0.0,2.7047480922384253,0.0
98,architecture,0.0,2.7047480922384253,0.0
99,archives,0.0,2.7047480922384253,0.0
100,area,0.0,2.7047480922384253,0.0
101,aren’t,0.0029411764705882353,2.2992829841302607,0.006762597012147826
102,argue,0.0,2.7047480922384253,0.0
103,arnold,0.0,2.7047480922384253,0.0
104,arrange,0.0029411764705882353,2.7047480922384253,0.007955141447760074
105,arrival,0.0,2.7047480922384253,0.0
106,arrive,0.0,2.7047480922384253,0.0
107,article,0.0,2.01160091167848,0.0
108,articulated,0.0,2.7047480922384253,0.0
109,artifacts,0.004411764705882353,2.7047480922384253,0.011932712171640112
110,artificial,0.0014705882352941176,1.7884573603642702,0.002630084353476868
111,artittaya,0.0,2.7047480922384253,0.0
112,arvind,0.0029411764705882353,2.7047480922384253,0.007955141447760074
113,ask,0.0,2.2992829841302607,0.0
114,assess,0.0014705882352941176,2.2992829841302607,0.003381298506073913
115,assessment,0.0,2.7047480922384253,0.0
116,assessments,0.0014705882352941176,2.7047480922384253,0.003977570723880037
117,assets,0.0,2.7047480922384253,0.0
118,assist,0.0,2.7047480922384253,0.0
119,assistant,0.0,2.01160091167848,0.0
120,assistants,0.0,2.7047480922384253,0.0
121,associate,0.0014705882352941176,2.01160091167848,0.002958236634821294
122,assume,0.0,2.7047480922384253,0.0
123,assumptions,0.004411764705882353,2.7047480922384253,0.011932712171640112
124,athletic,0.0,2.2992829841302607,0.0
125,atletico,0.0,2.7047480922384253,0.0
126,atom,0.0,2.7047480922384253,0.0
127,atomic,0.0,2.7047480922384253,0.0
128,atop,0.0,2.2992829841302607,0.0
129,attack,0.0,2.7047480922384253,0.0
130,attempt,0.0,2.7047480922384253,0.0
131,attend,0.0,2.7047480922384253,0.0
132,attention,0.0029411764705882353,2.01160091167848,0.005916473269642588
133,attitude,0.0,2.2992829841302607,0.0
134,attitudes,0.0,2.7047480922384253,0.0
135,audio,0.0,2.2992829841302607,0.0
136,audiovisual,0.0,2.7047480922384253,0.0
137,aug,0.0,2.7047480922384253,0.0
138,august,0.0,2.2992829841302607,0.0
139,aurelien,0.0,2.7047480922384253,0.0
140,austin,0.0,2.7047480922384253,0.0
141,author,0.0029411764705882353,1.7884573603642702,0.005260168706953736
142,authoritarian,0.0,2.7047480922384253,0.0
143,authorities,0.0,2.7047480922384253,0.0
144,authority,0.0,2.7047480922384253,0.0
145,authority’s,0.0,2.7047480922384253,0.0
146,authors,0.0014705882352941176,2.01160091167848,0.002958236634821294
147,automated,0.0,2.7047480922384253,0.0
148,autonomous,0.0,2.7047480922384253,0.0
149,average,0.0,2.2992829841302607,0.0
150,award,0.0,2.7047480922384253,0.0
151,awash,0.0014705882352941176,2.7047480922384253,0.003977570723880037
152,aws,0.0,2.7047480922384253,0.0
153,axes,0.0014705882352941176,2.7047480922384253,0.003977570723880037
154,ayton,0.0,2.7047480922384253,0.0
155,b,0.0,2.7047480922384253,0.0
156,babies,0.0,2.7047480922384253,0.0
157,babies’,0.0,2.7047480922384253,0.0
158,baby’s,0.0,2.7047480922384253,0.0
159,backfire,0.0,2.7047480922384253,0.0
160,background,0.0,2.2992829841302607,0.0
161,backgrounds,0.0014705882352941176,2.7047480922384253,0.003977570723880037
162,bacteria,0.0,2.7047480922384253,0.0
163,bacterial,0.0,2.7047480922384253,0.0
164,bacterium,0.0,2.7047480922384253,0.0
165,bad,0.0,2.7047480922384253,0.0
166,balance,0.0,2.7047480922384253,0.0
167,band,0.0,2.7047480922384253,0.0
168,band”,0.0,2.7047480922384253,0.0
169,barcelona,0.0,2.7047480922384253,0.0
170,barzilay,0.0,2.7047480922384253,0.0
171,base,0.0029411764705882353,2.01160091167848,0.005916473269642588
172,baseline,0.0,2.7047480922384253,0.0
173,basic,0.0,2.7047480922384253,0.0
174,basketball,0.0,2.7047480922384253,0.0
175,basque,0.0,2.7047480922384253,0.0
176,battison,0.0,2.7047480922384253,0.0
177,battle,0.0,2.7047480922384253,0.0
178,bbc,0.0,2.7047480922384253,0.0
179,bch,0.0,2.7047480922384253,0.0
180,bch’s,0.0,2.7047480922384253,0.0
181,beach,0.0,2.7047480922384253,0.0
182,beacham,0.0,2.7047480922384253,0.0
183,beam,0.0,2.7047480922384253,0.0
184,bedrock,0.0,2.7047480922384253,0.0
185,begin,0.0,2.2992829841302607,0.0
186,behave,0.0,2.7047480922384253,0.0
187,belief,0.0,2.7047480922384253,0.0
188,beliefs,0.0014705882352941176,2.2992829841302607,0.003381298506073913
189,believe,0.0014705882352941176,2.7047480922384253,0.003977570723880037
190,belong,0.0,2.7047480922384253,0.0
191,belt,0.0,2.7047480922384253,0.0
192,beneath,0.0,2.7047480922384253,0.0
193,benefit,0.0,2.7047480922384253,0.0
194,benfica,0.0,2.7047480922384253,0.0
195,benjamin,0.0,2.7047480922384253,0.0
196,bennett,0.0,2.7047480922384253,0.0
197,bias,0.0,2.2992829841302607,0.0
198,biased,0.0,2.7047480922384253,0.0
199,biases,0.0,2.7047480922384253,0.0
200,big,0.0,2.2992829841302607,0.0
201,bigger,0.0,2.7047480922384253,0.0
202,biggest,0.0,2.7047480922384253,0.0
203,billion,0.0,2.7047480922384253,0.0
204,billions,0.0,2.7047480922384253,0.0
205,billot,0.0,2.7047480922384253,0.0
206,bind,0.0,2.7047480922384253,0.0
207,bio,0.0,2.7047480922384253,0.0
208,biochemistry,0.0,2.7047480922384253,0.0
209,biological,0.0,2.7047480922384253,0.0
210,biology,0.0,2.7047480922384253,0.0
211,biomedical,0.0,2.7047480922384253,0.0
212,bite,0.0,2.7047480922384253,0.0
213,black,0.0014705882352941176,2.01160091167848,0.002958236634821294
214,blindfolded,0.0,2.7047480922384253,0.0
215,block,0.0,2.7047480922384253,0.0
216,bloomington,0.0,2.7047480922384253,0.0
217,blue,0.0,2.2992829841302607,0.0
218,body,0.0,2.7047480922384253,0.0
219,bond,0.0,2.7047480922384253,0.0
220,bone,0.0,2.7047480922384253,0.0
221,bones,0.0,2.7047480922384253,0.0
222,book,0.0,2.7047480922384253,0.0
223,bookmarks,0.0,2.7047480922384253,0.0
224,boonkird,0.0,2.7047480922384253,0.0
225,boost,0.0,2.7047480922384253,0.0
226,bose,0.0014705882352941176,2.7047480922384253,0.003977570723880037
227,boston,0.0,2.7047480922384253,0.0
228,bottleneck,0.0,2.7047480922384253,0.0
229,bottom,0.0,2.7047480922384253,0.0
230,bournemouth,0.0,2.7047480922384253,0.0
231,bowel,0.0,2.7047480922384253,0.0
232,boxes,0.0,2.7047480922384253,0.0
233,boyhood,0.0,2.7047480922384253,0.0
234,brain,0.0,2.01160091167848,0.0
235,braley,0.0,2.7047480922384253,0.0
236,brian,0.0,2.7047480922384253,0.0
237,bring,0.0,2.2992829841302607,0.0
238,britain,0.0,2.7047480922384253,0.0
239,broad,0.0,2.2992829841302607,0.0
240,broader,0.0,2.2992829841302607,0.0
241,brother,0.0,2.7047480922384253,0.0
242,brown,0.0,2.7047480922384253,0.0
243,brun,0.0,2.7047480922384253,0.0
244,bubbles,0.0014705882352941176,2.7047480922384253,0.003977570723880037
245,bug,0.0014705882352941176,2.7047480922384253,0.003977570723880037
246,build,0.0014705882352941176,1.7884573603642702,0.002630084353476868
247,bully,0.0,2.7047480922384253,0.0
248,business,0.0,2.7047480922384253,0.0
249,busy,0.0,2.7047480922384253,0.0
250,buy,0.0,2.7047480922384253,0.0
251,bypassing,0.0,2.7047480922384253,0.0
252,bypaul,0.0,2.7047480922384253,0.0
253,calif,0.0,2.7047480922384253,0.0
254,california,0.0,2.7047480922384253,0.0
255,call,0.0014705882352941176,1.6061358035703155,0.0023619644170151696
256,camp,0.0,2.7047480922384253,0.0
257,campaign,0.0014705882352941176,2.7047480922384253,0.003977570723880037
258,canada,0.0,2.7047480922384253,0.0
259,canadian,0.0,2.7047480922384253,0.0
260,candidate,0.0,2.7047480922384253,0.0
261,can’t,0.0,2.2992829841302607,0.0
262,capabilities,0.0,2.2992829841302607,0.0
263,capable,0.0,2.7047480922384253,0.0
264,captain,0.0,2.7047480922384253,0.0
265,capture,0.0,2.2992829841302607,0.0
266,care,0.0,2.2992829841302607,0.0
267,career,0.0,2.2992829841302607,0.0
268,carefree,0.0,2.7047480922384253,0.0
269,carefully,0.0014705882352941176,2.7047480922384253,0.003977570723880037
270,carlo,0.0,2.7047480922384253,0.0
271,carreras,0.0,2.7047480922384253,0.0
272,carry,0.0014705882352941176,2.7047480922384253,0.003977570723880037
273,cars,0.0,2.7047480922384253,0.0
274,cartoon,0.0014705882352941176,2.7047480922384253,0.003977570723880037
275,carvajal,0.0,2.7047480922384253,0.0
276,case,0.0,2.2992829841302607,0.0
277,cases,0.0,2.2992829841302607,0.0
278,catacutan,0.0,2.7047480922384253,0.0
279,catch,0.0,2.7047480922384253,0.0
280,cause,0.0014705882352941176,2.2992829841302607,0.003381298506073913
281,cautiously,0.0,2.7047480922384253,0.0
282,cells,0.0,2.7047480922384253,0.0
283,center,0.0,2.2992829841302607,0.0
284,centerpiece,0.0,2.7047480922384253,0.0
285,centers,0.0014705882352941176,2.7047480922384253,0.003977570723880037
286,center’s,0.0,2.7047480922384253,0.0
287,central,0.0,2.7047480922384253,0.0
288,centre,0.0,2.7047480922384253,0.0
289,ceremony,0.0,2.7047480922384253,0.0
290,chairman,0.0,2.7047480922384253,0.0
291,challenge,0.0014705882352941176,1.7884573603642702,0.002630084353476868
292,champion,0.0,2.7047480922384253,0.0
293,champions,0.0,2.2992829841302607,0.0
294,championship,0.0,2.7047480922384253,0.0
295,champions”,0.0,2.7047480922384253,0.0
296,champs,0.0,2.7047480922384253,0.0
297,chance,0.0,2.7047480922384253,0.0
298,change,0.0,2.01160091167848,0.0
299,characteristics,0.0029411764705882353,2.7047480922384253,0.007955141447760074
300,charge,0.0,2.7047480922384253,0.0
301,chart,0.011764705882352941,2.7047480922384253,0.0318205657910403
302,charts,0.008823529411764706,2.7047480922384253,0.023865424343280223
303,chatbots,0.0,2.7047480922384253,0.0
304,chatgpt,0.0,2.7047480922384253,0.0
305,chemical,0.0,2.7047480922384253,0.0
306,child,0.0,2.7047480922384253,0.0
307,children,0.0,2.7047480922384253,0.0
308,children’s,0.0,2.7047480922384253,0.0
309,chilling,0.0,2.7047480922384253,0.0
310,choices,0.0014705882352941176,2.7047480922384253,0.003977570723880037
311,choose,0.0,2.2992829841302607,0.0
312,chou,0.0,2.7047480922384253,0.0
313,chuckles,0.0,2.7047480922384253,0.0
314,chuliang,0.0,2.7047480922384253,0.0
315,circle,0.0,2.7047480922384253,0.0
316,circled,0.0,2.7047480922384253,0.0
317,circulate,0.0014705882352941176,2.7047480922384253,0.003977570723880037
318,citizen,0.0029411764705882353,2.7047480922384253,0.007955141447760074
319,city,0.0,2.2992829841302607,0.0
320,city”,0.0,2.7047480922384253,0.0
321,claim,0.0,2.2992829841302607,0.0
322,clasped,0.0,2.7047480922384253,0.0
323,class,0.0,2.2992829841302607,0.0
324,classification,0.0014705882352941176,2.2992829841302607,0.003381298506073913
325,classify,0.0,2.7047480922384253,0.0
326,claude,0.0,2.7047480922384253,0.0
327,clay,0.0,2.7047480922384253,0.0
328,clear,0.0,2.2992829841302607,0.0
329,clearer,0.0014705882352941176,2.2992829841302607,0.003381298506073913
330,clearest,0.0014705882352941176,2.7047480922384253,0.003977570723880037
331,cleft,0.0,2.7047480922384253,0.0
332,clerical,0.0,2.7047480922384253,0.0
333,clicks,0.0,2.7047480922384253,0.0
334,clinic,0.0,2.7047480922384253,0.0
335,clinical,0.0,2.2992829841302607,0.0
336,clinicians,0.0,2.7047480922384253,0.0
337,close,0.0,2.01160091167848,0.0
338,closely,0.0,2.7047480922384253,0.0
339,closer,0.0,2.2992829841302607,0.0
340,closest,0.0,2.7047480922384253,0.0
341,club,0.0,2.7047480922384253,0.0
342,club’s,0.0,2.7047480922384253,0.0
343,clustering,0.0,2.7047480922384253,0.0
344,coach,0.0,1.7884573603642702,0.0
345,coastal,0.0,2.7047480922384253,0.0
346,code,0.0,2.2992829841302607,0.0
347,codewhisperer,0.0,2.7047480922384253,0.0
348,codex,0.0,2.7047480922384253,0.0
349,coding,0.0,2.7047480922384253,0.0
350,cognitive,0.0,2.7047480922384253,0.0
351,cohere,0.0,2.7047480922384253,0.0
352,cohere’s,0.0,2.7047480922384253,0.0
353,coli,0.0,2.7047480922384253,0.0
354,collaborators,0.0,2.7047480922384253,0.0
355,collateral,0.0,2.7047480922384253,0.0
356,collective,0.0,2.7047480922384253,0.0
357,collective’s,0.0,2.7047480922384253,0.0
358,college,0.0,2.7047480922384253,0.0
359,collide,0.0,2.7047480922384253,0.0
360,color,0.0014705882352941176,2.7047480922384253,0.003977570723880037
361,colors,0.0014705882352941176,2.2992829841302607,0.003381298506073913
362,combination,0.0,2.7047480922384253,0.0
363,combine,0.0,2.7047480922384253,0.0
364,come,0.0,2.2992829841302607,0.0
365,comfortable,0.0,2.7047480922384253,0.0
366,command,0.0,2.7047480922384253,0.0
367,comment,0.0,2.2992829841302607,0.0
368,commissioner,0.0,2.7047480922384253,0.0
369,commit,0.0,2.7047480922384253,0.0
370,common,0.0,2.2992829841302607,0.0
371,commonly,0.0,2.7047480922384253,0.0
372,communicate,0.011764705882352941,2.2992829841302607,0.027050388048591303
373,communication,0.0029411764705882353,2.2992829841302607,0.006762597012147826
374,communicators,0.0014705882352941176,2.7047480922384253,0.003977570723880037
375,community,0.0014705882352941176,2.2992829841302607,0.003381298506073913
376,company,0.0,2.2992829841302607,0.0
377,compare,0.0,2.7047480922384253,0.0
378,compatible,0.0,2.7047480922384253,0.0
379,competitor,0.0,2.7047480922384253,0.0
380,complete,0.0,2.7047480922384253,0.0
381,completely,0.0014705882352941176,2.2992829841302607,0.003381298506073913
382,complex,0.0,2.7047480922384253,0.0
383,complexity,0.0,2.7047480922384253,0.0
384,complicated,0.0,2.7047480922384253,0.0
385,complication,0.0,2.7047480922384253,0.0
386,compound,0.0,2.7047480922384253,0.0
387,comprise,0.0,2.7047480922384253,0.0
388,computational,0.0,2.2992829841302607,0.0
389,computer,0.0029411764705882353,2.01160091167848,0.005916473269642588
390,computers,0.0,2.7047480922384253,0.0
391,computing,0.0,2.7047480922384253,0.0
392,concept,0.0,2.7047480922384253,0.0
393,conceptual,0.0,2.7047480922384253,0.0
394,concern,0.0,2.7047480922384253,0.0
395,conclude,0.0,2.7047480922384253,0.0
396,conclusions,0.0,2.7047480922384253,0.0
397,concrete,0.0,2.7047480922384253,0.0
398,conditioning,0.0,2.7047480922384253,0.0
399,conditions,0.0,2.2992829841302607,0.0
400,conduct,0.0014705882352941176,2.7047480922384253,0.003977570723880037
401,conference,0.0014705882352941176,2.2992829841302607,0.003381298506073913
402,confidence,0.0,2.7047480922384253,0.0
403,confines,0.0,2.7047480922384253,0.0
404,confront,0.0,2.7047480922384253,0.0
405,congratulate,0.0,2.7047480922384253,0.0
406,connections,0.0,2.7047480922384253,0.0
407,conquers,0.0,2.7047480922384253,0.0
408,consequence,0.0,2.7047480922384253,0.0
409,consist,0.0,2.7047480922384253,0.0
410,consolidate,0.0014705882352941176,2.7047480922384253,0.003977570723880037
411,content,0.0,2.7047480922384253,0.0
412,contentious,0.0,2.7047480922384253,0.0
413,context,0.0029411764705882353,2.2992829841302607,0.006762597012147826
414,contexts,0.0014705882352941176,2.2992829841302607,0.003381298506073913
415,contextual,0.0,2.7047480922384253,0.0
416,continue,0.0014705882352941176,2.2992829841302607,0.003381298506073913
417,contract,0.0,2.7047480922384253,0.0
418,contrast,0.0,2.7047480922384253,0.0
419,contribute,0.0014705882352941176,2.7047480922384253,0.003977570723880037
420,contribution,0.0014705882352941176,2.7047480922384253,0.003977570723880037
421,control,0.0014705882352941176,2.2992829841302607,0.003381298506073913
422,controversial,0.0014705882352941176,2.7047480922384253,0.003977570723880037
423,converges,0.0,2.7047480922384253,0.0
424,conversational,0.0,2.7047480922384253,0.0
425,convey,0.0029411764705882353,2.7047480922384253,0.007955141447760074
426,convince,0.0,2.7047480922384253,0.0
427,coombes,0.0,2.7047480922384253,0.0
428,coordinate,0.0,2.7047480922384253,0.0
429,copilot,0.0,2.7047480922384253,0.0
430,copy,0.0,2.7047480922384253,0.0
431,copywriting,0.0,2.7047480922384253,0.0
432,corner,0.0,2.7047480922384253,0.0
433,corpus,0.0,2.7047480922384253,0.0
434,correctly,0.0,2.2992829841302607,0.0
435,corso,0.0,2.7047480922384253,0.0
436,cost,0.0,2.2992829841302607,0.0
437,council,0.0,2.7047480922384253,0.0
438,count,0.0,2.7047480922384253,0.0
439,countermeasures,0.0,2.7047480922384253,0.0
440,couple,0.0,2.2992829841302607,0.0
441,coupling,0.0,2.7047480922384253,0.0
442,court,0.0,2.2992829841302607,0.0
443,cousin,0.0,2.2992829841302607,0.0
444,coverage,0.0,2.7047480922384253,0.0
445,covid,0.0014705882352941176,2.7047480922384253,0.003977570723880037
446,crammed,0.0,2.7047480922384253,0.0
447,crawl,0.0,2.7047480922384253,0.0
448,crazy,0.0,2.2992829841302607,0.0
449,create,0.004411764705882353,1.7884573603642702,0.007890253060430603
450,creation,0.0,2.7047480922384253,0.0
451,credit,0.0014705882352941176,2.7047480922384253,0.003977570723880037
452,credits,0.0014705882352941176,1.6061358035703155,0.0023619644170151696
453,criminals’,0.0,2.7047480922384253,0.0
454,crispr,0.0,2.7047480922384253,0.0
455,critical,0.0,2.2992829841302607,0.0
456,critically,0.0014705882352941176,2.7047480922384253,0.003977570723880037
457,crohn’s,0.0,2.7047480922384253,0.0
458,cross,0.0014705882352941176,2.7047480922384253,0.003977570723880037
459,crucial,0.0,2.7047480922384253,0.0
460,csail,0.0029411764705882353,2.01160091167848,0.005916473269642588
461,cultural,0.0014705882352941176,2.7047480922384253,0.003977570723880037
462,culture,0.0,2.7047480922384253,0.0
463,current,0.0014705882352941176,2.01160091167848,0.002958236634821294
464,curry,0.0,2.7047480922384253,0.0
465,custom,0.0,2.7047480922384253,0.0
466,customer,0.0,2.7047480922384253,0.0
467,customizable,0.0,2.7047480922384253,0.0
468,cut,0.0,2.2992829841302607,0.0
469,cycle,0.0,2.7047480922384253,0.0
470,dagestan,0.0,2.7047480922384253,0.0
471,daigneault,0.0,2.7047480922384253,0.0
472,dallas,0.0,2.7047480922384253,0.0
473,damage,0.0,2.7047480922384253,0.0
474,dani,0.0,2.7047480922384253,0.0
475,dares,0.0,2.7047480922384253,0.0
476,data,0.030882352941176472,1.7884573603642702,0.05523177142301423
477,dataset,0.0,2.7047480922384253,0.0
478,date,0.0014705882352941176,1.6061358035703155,0.0023619644170151696
479,daughter,0.0,2.7047480922384253,0.0
480,david,0.0,2.7047480922384253,0.0
481,davis,0.0,2.7047480922384253,0.0
482,day,0.0,2.7047480922384253,0.0
483,dazzling,0.0,2.7047480922384253,0.0
484,dean,0.0,2.7047480922384253,0.0
485,deandre,0.0,2.7047480922384253,0.0
486,decide,0.0,2.7047480922384253,0.0
487,decisions,0.0,2.7047480922384253,0.0
488,decoder,0.0,2.7047480922384253,0.0
489,deep,0.0,2.2992829841302607,0.0
490,deepen,0.0,2.7047480922384253,0.0
491,deeply,0.0014705882352941176,2.2992829841302607,0.003381298506073913
492,defeat,0.0,2.7047480922384253,0.0
493,defend,0.0,2.7047480922384253,0.0
494,defense,0.0,2.7047480922384253,0.0
495,degree,0.0029411764705882353,2.7047480922384253,0.007955141447760074
496,deliberately,0.0,2.7047480922384253,0.0
497,delight,0.0,2.7047480922384253,0.0
498,demeanor,0.0,2.7047480922384253,0.0
499,demonstrate,0.0,2.01160091167848,0.0
500,denise,0.0,2.7047480922384253,0.0
501,depart,0.0,2.7047480922384253,0.0
502,department,0.0014705882352941176,2.2992829841302607,0.003381298506073913
503,depend,0.0014705882352941176,2.2992829841302607,0.003381298506073913
504,depict,0.0014705882352941176,2.7047480922384253,0.003977570723880037
505,depicted,0.0014705882352941176,2.7047480922384253,0.003977570723880037
506,depicting,0.0029411764705882353,2.7047480922384253,0.007955141447760074
507,depicts,0.0014705882352941176,2.7047480922384253,0.003977570723880037
508,deploy,0.0,2.7047480922384253,0.0
509,derivatives,0.0,2.7047480922384253,0.0
510,descent,0.0,2.7047480922384253,0.0
511,design,0.011764705882352941,1.3184537311185345,0.015511220366100406
512,designer,0.0014705882352941176,2.7047480922384253,0.003977570723880037
513,designers,0.0029411764705882353,2.7047480922384253,0.007955141447760074
514,destabilizing,0.0,2.7047480922384253,0.0
515,detailed,0.0014705882352941176,2.01160091167848,0.002958236634821294
516,detangle,0.0,2.7047480922384253,0.0
517,detect,0.0,2.7047480922384253,0.0
518,determine,0.0,2.2992829841302607,0.0
519,develop,0.0014705882352941176,1.6061358035703155,0.0023619644170151696
520,developers,0.0,2.7047480922384253,0.0
521,development,0.0,1.7884573603642702,0.0
522,developmental,0.0,2.7047480922384253,0.0
523,devices,0.0,2.7047480922384253,0.0
524,diagnose,0.0,2.7047480922384253,0.0
525,diagnoses,0.0,2.7047480922384253,0.0
526,diagnostic,0.0,2.7047480922384253,0.0
527,dialect,0.0014705882352941176,2.7047480922384253,0.003977570723880037
528,diamonds,0.0,2.7047480922384253,0.0
529,diaz,0.0,2.7047480922384253,0.0
530,didn,0.0,2.7047480922384253,0.0
531,didn’t,0.0,2.7047480922384253,0.0
532,diet,0.0,2.7047480922384253,0.0
533,diffdock,0.0,2.7047480922384253,0.0
534,differ,0.0,2.7047480922384253,0.0
535,differently,0.0,2.7047480922384253,0.0
536,difficult,0.0,2.01160091167848,0.0
537,diffusion,0.0,2.7047480922384253,0.0
538,dig,0.0014705882352941176,2.7047480922384253,0.003977570723880037
539,digital,0.0,2.7047480922384253,0.0
540,dimensional,0.0,2.2992829841302607,0.0
541,direct,0.0,2.7047480922384253,0.0
542,director,0.0,2.7047480922384253,0.0
543,disagree,0.0,2.7047480922384253,0.0
544,discipline,0.0,2.7047480922384253,0.0
545,discover,0.0,2.2992829841302607,0.0
546,discovery,0.0014705882352941176,2.2992829841302607,0.003381298506073913
547,discredit,0.0014705882352941176,2.7047480922384253,0.003977570723880037
548,discuss,0.0014705882352941176,2.7047480922384253,0.003977570723880037
549,disease,0.0029411764705882353,2.01160091167848,0.005916473269642588
550,diseases,0.0,2.7047480922384253,0.0
551,dish,0.0,2.7047480922384253,0.0
552,dismiss,0.004411764705882353,2.7047480922384253,0.011932712171640112
553,disorders,0.0,2.7047480922384253,0.0
554,disrupt,0.0,2.7047480922384253,0.0
555,disruptions,0.0,2.7047480922384253,0.0
556,disruptive,0.0,2.7047480922384253,0.0
557,distinction,0.0,2.7047480922384253,0.0
558,distinguish,0.0,2.7047480922384253,0.0
559,distrust,0.0,2.7047480922384253,0.0
560,disturb,0.0,2.7047480922384253,0.0
561,diverge,0.0,2.7047480922384253,0.0
562,division,0.0,2.2992829841302607,0.0
563,dna,0.0,2.7047480922384253,0.0
564,docking,0.0,2.7047480922384253,0.0
565,doctor,0.0,2.7047480922384253,0.0
566,doctors,0.0,2.7047480922384253,0.0
567,document,0.0,2.7047480922384253,0.0
568,documentation,0.0,2.7047480922384253,0.0
569,documented,0.0,2.7047480922384253,0.0
570,documents,0.0,2.7047480922384253,0.0
571,dollars,0.0,2.7047480922384253,0.0
572,dominique,0.0,2.7047480922384253,0.0
573,don,0.0,2.7047480922384253,0.0
574,dončić,0.0,2.7047480922384253,0.0
575,dončić’s,0.0,2.7047480922384253,0.0
576,don’t,0.0,2.01160091167848,0.0
577,door,0.0,2.7047480922384253,0.0
578,double,0.0,2.7047480922384253,0.0
579,doubt,0.0,2.7047480922384253,0.0
580,draw,0.004411764705882353,2.2992829841302607,0.010143895518221738
581,dress,0.0,2.7047480922384253,0.0
582,drilling,0.0014705882352941176,2.7047480922384253,0.003977570723880037
583,drug,0.0,2.7047480922384253,0.0
584,drugs,0.0,2.7047480922384253,0.0
585,drug’s,0.0,2.7047480922384253,0.0
586,dubai,0.0,2.7047480922384253,0.0
587,dwell,0.0,2.7047480922384253,0.0
588,e,0.0,2.7047480922384253,0.0
589,earlier,0.0,2.7047480922384253,0.0
590,earliest,0.0,2.7047480922384253,0.0
591,early,0.0,2.2992829841302607,0.0
592,ease,0.0,2.7047480922384253,0.0
593,easiest,0.0,2.7047480922384253,0.0
594,easily,0.0,2.7047480922384253,0.0
595,edge,0.0,2.7047480922384253,0.0
596,edged,0.0,2.7047480922384253,0.0
597,edges,0.0,2.7047480922384253,0.0
598,editor’s,0.0,2.7047480922384253,0.0
599,educate,0.0014705882352941176,2.7047480922384253,0.003977570723880037
600,eecs,0.0014705882352941176,2.7047480922384253,0.003977570723880037
601,effect,0.0,2.7047480922384253,0.0
602,effective,0.0014705882352941176,2.01160091167848,0.002958236634821294
603,effectively,0.0,2.2992829841302607,0.0
604,efficient,0.0,2.2992829841302607,0.0
605,ego,0.0,2.7047480922384253,0.0
606,el,0.0,2.7047480922384253,0.0
607,electrical,0.0014705882352941176,2.01160091167848,0.002958236634821294
608,electron,0.0,2.7047480922384253,0.0
609,electronic,0.0,2.7047480922384253,0.0
610,elegant,0.0,2.7047480922384253,0.0
611,elements,0.004411764705882353,2.7047480922384253,0.011932712171640112
612,elicit,0.0014705882352941176,2.7047480922384253,0.003977570723880037
613,eliminate,0.0,2.7047480922384253,0.0
614,ellen,0.0,2.7047480922384253,0.0
615,elucidation,0.0,2.7047480922384253,0.0
616,embeddings,0.0,2.7047480922384253,0.0
617,embrace,0.0,2.7047480922384253,0.0
618,emerge,0.0,2.2992829841302607,0.0
619,emeritus,0.0,2.7047480922384253,0.0
620,emit,0.0,2.7047480922384253,0.0
621,emotionally,0.0,2.7047480922384253,0.0
622,emotions,0.0,2.7047480922384253,0.0
623,emphasising,0.0,2.7047480922384253,0.0
624,empirical,0.0,2.7047480922384253,0.0
625,emulate,0.0,2.7047480922384253,0.0
626,enable,0.0,2.01160091167848,0.0
627,encoder,0.0,2.7047480922384253,0.0
628,endears,0.0,2.7047480922384253,0.0
629,energy,0.0,2.7047480922384253,0.0
630,engagement,0.0014705882352941176,2.7047480922384253,0.003977570723880037
631,engineering,0.0014705882352941176,1.7884573603642702,0.002630084353476868
632,engines,0.0,2.7047480922384253,0.0
633,engraved,0.0,2.7047480922384253,0.0
634,engraving,0.0,2.7047480922384253,0.0
635,enhance,0.0,2.2992829841302607,0.0
636,enjoy,0.0,2.2992829841302607,0.0
637,enter,0.0,2.2992829841302607,0.0
638,enterololin,0.0,2.7047480922384253,0.0
639,entire,0.0014705882352941176,2.2992829841302607,0.003381298506073913
640,entity,0.0,2.7047480922384253,0.0
641,envision,0.0,2.7047480922384253,0.0
642,equation,0.0,2.7047480922384253,0.0
643,equipment,0.0,2.7047480922384253,0.0
644,era,0.0,2.7047480922384253,0.0
645,eric,0.0,2.7047480922384253,0.0
646,erroneous,0.0014705882352941176,2.7047480922384253,0.003977570723880037
647,erupted,0.0,2.7047480922384253,0.0
648,escherichia,0.0,2.7047480922384253,0.0
649,esra,0.0,2.7047480922384253,0.0
650,essential,0.0,2.2992829841302607,0.0
651,essentially,0.0,2.7047480922384253,0.0
652,estimate,0.0,2.7047480922384253,0.0
653,eurobasket,0.0,2.7047480922384253,0.0
654,evade,0.0,2.7047480922384253,0.0
655,evaluate,0.0,2.7047480922384253,0.0
656,event,0.0,2.7047480922384253,0.0
657,events,0.0,2.7047480922384253,0.0
658,evidence,0.0,2.7047480922384253,0.0
659,evoke,0.0,2.7047480922384253,0.0
660,evolution,0.0,2.7047480922384253,0.0
661,evolve,0.0,2.7047480922384253,0.0
662,examples,0.0,2.2992829841302607,0.0
663,exceed,0.0,2.7047480922384253,0.0
664,excites,0.0,2.7047480922384253,0.0
665,exciting,0.0,2.2992829841302607,0.0
666,executive,0.0,2.7047480922384253,0.0
667,exercise,0.0,2.7047480922384253,0.0
668,exist,0.0,2.2992829841302607,0.0
669,expand,0.0014705882352941176,2.2992829841302607,0.003381298506073913
670,expect,0.0,2.2992829841302607,0.0
671,expectedly,0.0,2.7047480922384253,0.0
672,experience,0.0014705882352941176,2.01160091167848,0.002958236634821294
673,experiment,0.0,1.7884573603642702,0.0
674,experimental,0.0014705882352941176,2.01160091167848,0.002958236634821294
675,explain,0.0,2.2992829841302607,0.0
676,explanation,0.0,2.7047480922384253,0.0
677,explanations,0.0,2.7047480922384253,0.0
678,explicit,0.0,2.7047480922384253,0.0
679,explicitly,0.0014705882352941176,2.7047480922384253,0.003977570723880037
680,explode,0.0,2.7047480922384253,0.0
681,explore,0.0029411764705882353,2.01160091167848,0.005916473269642588
682,expose,0.0,2.7047480922384253,0.0
683,expression,0.0,2.7047480922384253,0.0
684,extend,0.0,2.7047480922384253,0.0
685,extension,0.0,2.2992829841302607,0.0
686,extensive,0.0,2.7047480922384253,0.0
687,extent,0.0,2.7047480922384253,0.0
688,extract,0.0,2.7047480922384253,0.0
689,face,0.0,2.7047480922384253,0.0
690,facebook,0.0014705882352941176,2.7047480922384253,0.003977570723880037
691,facilities,0.0,2.7047480922384253,0.0
692,facility,0.0,2.7047480922384253,0.0
693,fact,0.0,2.2992829841302607,0.0
694,factor,0.0,2.7047480922384253,0.0
695,factors,0.0,2.7047480922384253,0.0
696,facts,0.0,2.7047480922384253,0.0
697,fair,0.0,2.7047480922384253,0.0
698,faith”,0.0,2.7047480922384253,0.0
699,family,0.0,2.7047480922384253,0.0
700,faster,0.0,1.7884573603642702,0.0
701,favorite,0.0,2.7047480922384253,0.0
702,feature,0.004411764705882353,2.2992829841302607,0.010143895518221738
703,federico,0.0,2.7047480922384253,0.0
704,feel,0.004411764705882353,2.2992829841302607,0.010143895518221738
705,fellowship,0.0029411764705882353,2.7047480922384253,0.007955141447760074
706,fellowships,0.0014705882352941176,2.7047480922384253,0.003977570723880037
707,female,0.0014705882352941176,2.7047480922384253,0.003977570723880037
708,fetal,0.0,2.7047480922384253,0.0
709,fetus,0.0,2.7047480922384253,0.0
710,fetuses,0.0,2.7047480922384253,0.0
711,fetus’s,0.0,2.7047480922384253,0.0
712,fiancee,0.0,2.7047480922384253,0.0
713,field,0.0,2.7047480922384253,0.0
714,fields,0.0,2.7047480922384253,0.0
715,fight,0.0,2.2992829841302607,0.0
716,fighter,0.0,2.7047480922384253,0.0
717,figure,0.0014705882352941176,1.7884573603642702,0.002630084353476868
718,figure’s,0.0,2.7047480922384253,0.0
719,fill,0.0,2.7047480922384253,0.0
720,final,0.0,2.2992829841302607,0.0
721,finally,0.0,2.7047480922384253,0.0
722,find,0.0014705882352941176,1.6061358035703155,0.0023619644170151696
723,findings,0.0029411764705882353,2.2992829841302607,0.006762597012147826
724,fine,0.0,2.2992829841302607,0.0
725,finger,0.0,2.7047480922384253,0.0
726,fingers,0.0,2.7047480922384253,0.0
727,fit,0.0,2.2992829841302607,0.0
728,fitness,0.0,2.7047480922384253,0.0
729,flags,0.0014705882352941176,2.7047480922384253,0.003977570723880037
730,flare,0.0,2.7047480922384253,0.0
731,flares,0.0,2.7047480922384253,0.0
732,flaws,0.0,2.7047480922384253,0.0
733,flexible,0.0,2.7047480922384253,0.0
734,flipped,0.0,2.7047480922384253,0.0
735,flow,0.0,2.7047480922384253,0.0
736,focus,0.0,2.7047480922384253,0.0
737,footprint,0.0,2.7047480922384253,0.0
738,form,0.0,2.01160091167848,0.0
739,foundation,0.0014705882352941176,1.7884573603642702,0.002630084353476868
740,fourth,0.0,2.7047480922384253,0.0
741,fox,0.0014705882352941176,2.7047480922384253,0.003977570723880037
742,fraction,0.0,2.2992829841302607,0.0
743,framed,0.0,2.7047480922384253,0.0
744,frames,0.0,2.2992829841302607,0.0
745,framework,0.0029411764705882353,2.2992829841302607,0.006762597012147826
746,franco,0.0,2.7047480922384253,0.0
747,free,0.0,2.7047480922384253,0.0
748,freedom,0.0,2.7047480922384253,0.0
749,fresh,0.0,2.7047480922384253,0.0
750,friction,0.0,2.7047480922384253,0.0
751,fu,0.0,2.7047480922384253,0.0
752,full,0.0,2.7047480922384253,0.0
753,fully,0.0,2.7047480922384253,0.0
754,function,0.0014705882352941176,2.7047480922384253,0.003977570723880037
755,functional,0.0,2.7047480922384253,0.0
756,fund,0.0,2.2992829841302607,0.0
757,fundamental,0.0,2.7047480922384253,0.0
758,future,0.0,1.7884573603642702,0.0
759,g,0.0014705882352941176,2.7047480922384253,0.003977570723880037
760,gabe,0.0,2.7047480922384253,0.0
761,gabriele,0.0,2.7047480922384253,0.0
762,gadzhi,0.0,2.7047480922384253,0.0
763,gain,0.0,2.7047480922384253,0.0
764,game,0.0,2.2992829841302607,0.0
765,games,0.0,2.7047480922384253,0.0
766,gap,0.0,2.7047480922384253,0.0
767,gates,0.0,2.7047480922384253,0.0
768,gates’,0.0,2.7047480922384253,0.0
769,gemstones,0.0,2.7047480922384253,0.0
770,general,0.0,2.01160091167848,0.0
771,generally,0.0,2.2992829841302607,0.0
772,generate,0.0,2.2992829841302607,0.0
773,generation,0.0,2.01160091167848,0.0
774,generative,0.0,2.2992829841302607,0.0
775,genes,0.0,2.7047480922384253,0.0
776,georgia,0.0014705882352941176,2.7047480922384253,0.003977570723880037
777,gestational,0.0,2.7047480922384253,0.0
778,getty,0.0,2.7047480922384253,0.0
779,gilgeous,0.0,2.7047480922384253,0.0
780,github,0.0,2.2992829841302607,0.0
781,give,0.0,2.7047480922384253,0.0
782,glowing,0.0,2.2992829841302607,0.0
783,goal,0.0,2.7047480922384253,0.0
784,goals,0.0,2.7047480922384253,0.0
785,gold,0.0,2.7047480922384253,0.0
786,golden,0.0,2.7047480922384253,0.0
787,golland,0.0,2.7047480922384253,0.0
788,goofy,0.0,2.7047480922384253,0.0
789,google,0.0,2.7047480922384253,0.0
790,gordon,0.0,2.7047480922384253,0.0
791,gps,0.0,2.7047480922384253,0.0
792,gpt,0.0,2.7047480922384253,0.0
793,gpus,0.0,2.7047480922384253,0.0
794,graduate,0.0,2.01160091167848,0.0
795,graham,0.0014705882352941176,2.7047480922384253,0.003977570723880037
796,grain,0.0,2.7047480922384253,0.0
797,grammar,0.0,2.7047480922384253,0.0
798,grant,0.0,2.7047480922384253,0.0
799,graph,0.0029411764705882353,2.7047480922384253,0.007955141447760074
800,graphical,0.0014705882352941176,2.7047480922384253,0.003977570723880037
801,graphics,0.0014705882352941176,2.2992829841302607,0.003381298506073913
802,great,0.0,2.7047480922384253,0.0
803,greatest,0.0,2.7047480922384253,0.0
804,green,0.0,2.7047480922384253,0.0
805,greg,0.0,2.7047480922384253,0.0
806,grenoble,0.0,2.7047480922384253,0.0
807,group,0.0,2.01160091167848,0.0
808,groups,0.0014705882352941176,2.2992829841302607,0.003381298506073913
809,groups’,0.0,2.7047480922384253,0.0
810,grow,0.0,2.2992829841302607,0.0
811,growth,0.0,2.7047480922384253,0.0
812,guard,0.0,2.7047480922384253,0.0
813,guess,0.0,2.2992829841302607,0.0
814,guide,0.0,2.2992829841302607,0.0
815,gun,0.0014705882352941176,2.7047480922384253,0.003977570723880037
816,gut,0.0,2.7047480922384253,0.0
817,guy,0.0,2.2992829841302607,0.0
818,guys,0.0,2.7047480922384253,0.0
819,gym,0.0,2.7047480922384253,0.0
820,habits,0.0,2.7047480922384253,0.0
821,habits’,0.0,2.7047480922384253,0.0
822,habits”,0.0,2.7047480922384253,0.0
823,hachimura,0.0,2.7047480922384253,0.0
824,hadn’t,0.0,2.7047480922384253,0.0
825,hand,0.0014705882352941176,2.2992829841302607,0.003381298506073913
826,happen,0.0,2.7047480922384253,0.0
827,happy,0.0,2.7047480922384253,0.0
828,hard,0.0,1.6061358035703155,0.0
829,harm,0.0,2.7047480922384253,0.0
830,harmful,0.0,2.7047480922384253,0.0
831,harness,0.0,2.7047480922384253,0.0
832,harsh,0.0,2.7047480922384253,0.0
833,harvard,0.0,2.7047480922384253,0.0
834,hasn’t,0.0,2.2992829841302607,0.0
835,head,0.0,2.2992829841302607,0.0
836,headspace”,0.0,2.7047480922384253,0.0
837,health,0.0014705882352941176,2.01160091167848,0.002958236634821294
838,healthier,0.0,2.7047480922384253,0.0
839,healthy,0.0,2.7047480922384253,0.0
840,hear,0.0,2.7047480922384253,0.0
841,heart,0.0,2.7047480922384253,0.0
842,heat,0.0,2.7047480922384253,0.0
843,heersink,0.0,2.7047480922384253,0.0
844,height,0.0014705882352941176,2.7047480922384253,0.003977570723880037
845,help,0.0,2.2992829841302607,0.0
846,helpful,0.0,2.7047480922384253,0.0
847,he’ll,0.0,2.7047480922384253,0.0
848,he’s,0.0,2.7047480922384253,0.0
849,high,0.0,1.7884573603642702,0.0
850,highlight,0.0,2.2992829841302607,0.0
851,hold,0.0014705882352941176,2.2992829841302607,0.003381298506073913
852,home,0.0,2.7047480922384253,0.0
853,honestly,0.0,2.7047480922384253,0.0
854,hoops,0.0,2.7047480922384253,0.0
855,hope,0.0029411764705882353,2.7047480922384253,0.007955141447760074
856,hospital,0.0,2.7047480922384253,0.0
857,host,0.0,2.7047480922384253,0.0
858,houston,0.0,2.7047480922384253,0.0
859,hub,0.0,2.7047480922384253,0.0
860,huge,0.0,2.2992829841302607,0.0
861,hugged,0.0,2.7047480922384253,0.0
862,hughes,0.0,2.7047480922384253,0.0
863,huijsen,0.0,2.7047480922384253,0.0
864,human,0.0,2.01160091167848,0.0
865,humans,0.0,2.7047480922384253,0.0
866,hundreds,0.0,2.7047480922384253,0.0
867,hungry,0.0,2.7047480922384253,0.0
868,hurdle,0.0,2.7047480922384253,0.0
869,hypothetical,0.0,2.7047480922384253,0.0
870,i,0.0,2.2992829841302607,0.0
871,ibd,0.0,2.7047480922384253,0.0
872,icons,0.0,2.7047480922384253,0.0
873,idea,0.0,2.2992829841302607,0.0
874,ideal,0.0,2.7047480922384253,0.0
875,ideas,0.0014705882352941176,2.2992829841302607,0.003381298506073913
876,identify,0.0014705882352941176,1.7884573603642702,0.002630084353476868
877,identities,0.0029411764705882353,2.7047480922384253,0.007955141447760074
878,idols,0.0,2.7047480922384253,0.0
879,ieee,0.0014705882352941176,2.7047480922384253,0.003977570723880037
880,illustration,0.0,2.7047480922384253,0.0
881,im,0.0,2.7047480922384253,0.0
882,image,0.0,1.6061358035703155,0.0
883,images,0.0,2.2992829841302607,0.0
884,imaginary,0.0,2.7047480922384253,0.0
885,imagine,0.0,2.7047480922384253,0.0
886,imaging,0.0,2.7047480922384253,0.0
887,immediately,0.0014705882352941176,2.7047480922384253,0.003977570723880037
888,impact,0.0014705882352941176,2.2992829841302607,0.003381298506073913
889,impacted,0.0014705882352941176,2.7047480922384253,0.003977570723880037
890,implications,0.0,2.7047480922384253,0.0
891,important,0.0029411764705882353,1.4519851237430572,0.004270544481597227
892,impose,0.0,2.7047480922384253,0.0
893,impression,0.0,2.7047480922384253,0.0
894,impressive,0.0,2.7047480922384253,0.0
895,improve,0.0,1.7884573603642702,0.0
896,improvement,0.0,2.7047480922384253,0.0
897,include,0.0014705882352941176,1.6061358035703155,0.0023619644170151696
898,incomplete,0.0,2.7047480922384253,0.0
899,incorrect,0.0,2.2992829841302607,0.0
900,increase,0.0,2.01160091167848,0.0
901,incredibly,0.0,2.7047480922384253,0.0
902,index,0.0,2.7047480922384253,0.0
903,indexical,0.0014705882352941176,2.7047480922384253,0.003977570723880037
904,indiana,0.0,2.7047480922384253,0.0
905,indirect,0.0,2.7047480922384253,0.0
906,individual,0.0,2.2992829841302607,0.0
907,individuals,0.0,2.7047480922384253,0.0
908,individuals’,0.0,2.7047480922384253,0.0
909,infallible,0.0,2.7047480922384253,0.0
910,infant,0.0,2.7047480922384253,0.0
911,infection,0.0,2.7047480922384253,0.0
912,infections,0.0,2.7047480922384253,0.0
913,inferences,0.013235294117647059,2.2992829841302607,0.030431686554665216
914,infers,0.0014705882352941176,2.7047480922384253,0.003977570723880037
915,inflammation,0.0,2.7047480922384253,0.0
916,inflammatory,0.0,2.7047480922384253,0.0
917,influence,0.0014705882352941176,2.01160091167848,0.002958236634821294
918,influencer,0.0029411764705882353,2.7047480922384253,0.007955141447760074
919,inform,0.0,2.7047480922384253,0.0
920,information,0.011764705882352941,2.01160091167848,0.023665893078570352
921,informative,0.0,2.7047480922384253,0.0
922,ingest,0.0,2.7047480922384253,0.0
923,inherent,0.0,2.7047480922384253,0.0
924,initial,0.0029411764705882353,2.01160091167848,0.005916473269642588
925,input,0.0,2.7047480922384253,0.0
926,inputs,0.0,2.7047480922384253,0.0
927,inquiries,0.0014705882352941176,1.6061358035703155,0.0023619644170151696
928,inria,0.0,2.7047480922384253,0.0
929,inset,0.0,2.7047480922384253,0.0
930,insider,0.0,2.7047480922384253,0.0
931,insiders,0.0,2.7047480922384253,0.0
932,insights,0.0,2.2992829841302607,0.0
933,instagram,0.0014705882352941176,2.7047480922384253,0.003977570723880037
934,instance,0.0058823529411764705,2.01160091167848,0.011832946539285176
935,institute,0.0,2.2992829841302607,0.0
936,institutes,0.0,2.2992829841302607,0.0
937,institutions,0.0029411764705882353,2.7047480922384253,0.007955141447760074
938,intact,0.0,2.7047480922384253,0.0
939,intelligence,0.0014705882352941176,1.7884573603642702,0.002630084353476868
940,intend,0.0,2.7047480922384253,0.0
941,intensity,0.0,2.7047480922384253,0.0
942,intensive,0.0,2.7047480922384253,0.0
943,intent,0.0,2.2992829841302607,0.0
944,intentions,0.0,2.7047480922384253,0.0
945,interact,0.0014705882352941176,2.2992829841302607,0.003381298506073913
946,interaction,0.0,2.7047480922384253,0.0
947,interactions,0.0,2.7047480922384253,0.0
948,interconnected,0.0,2.7047480922384253,0.0
949,interdisciplinary,0.0014705882352941176,2.7047480922384253,0.003977570723880037
950,interest,0.0,2.2992829841302607,0.0
951,interface,0.0,2.7047480922384253,0.0
952,interfere,0.0,2.7047480922384253,0.0
953,interference,0.0,2.7047480922384253,0.0
954,interior,0.0,2.7047480922384253,0.0
955,internal,0.0,2.7047480922384253,0.0
956,internally,0.0,2.7047480922384253,0.0
957,international,0.0,2.2992829841302607,0.0
958,internet,0.0,2.7047480922384253,0.0
959,interpret,0.0,2.01160091167848,0.0
960,interpretation,0.0,2.7047480922384253,0.0
961,interpretations,0.0,2.7047480922384253,0.0
962,intervention,0.0,2.7047480922384253,0.0
963,interview,0.0029411764705882353,2.7047480922384253,0.007955141447760074
964,introduce,0.0,2.01160091167848,0.0
965,introduction,0.0,2.7047480922384253,0.0
966,intuition,0.0,2.2992829841302607,0.0
967,investigate,0.0,2.7047480922384253,0.0
968,investigator,0.0,2.2992829841302607,0.0
969,involve,0.0014705882352941176,1.4519851237430572,0.0021352722407986134
970,irishman,0.0,2.7047480922384253,0.0
971,isn’t,0.0,2.2992829841302607,0.0
972,issue,0.0,2.2992829841302607,0.0
973,istock,0.0014705882352941176,2.01160091167848,0.002958236634821294
974,iterations,0.0,2.7047480922384253,0.0
975,iteratively,0.0,2.2992829841302607,0.0
976,it’s,0.0,2.2992829841302607,0.0
977,i’d,0.0,2.7047480922384253,0.0
978,i’m,0.0,2.7047480922384253,0.0
979,j,0.0,2.7047480922384253,0.0
980,jab,0.0,2.7047480922384253,0.0
981,jameel,0.0,2.7047480922384253,0.0
982,james,0.0,2.7047480922384253,0.0
983,january,0.0,2.7047480922384253,0.0
984,jarve,0.0,2.7047480922384253,0.0
985,javascript,0.0,2.7047480922384253,0.0
986,jennifer,0.0,2.7047480922384253,0.0
987,jeremie,0.0,2.7047480922384253,0.0
988,jerk,0.0,2.7047480922384253,0.0
989,jersey,0.0,2.7047480922384253,0.0
990,jj,0.0,2.7047480922384253,0.0
991,john,0.0,2.7047480922384253,0.0
992,join,0.0014705882352941176,1.7884573603642702,0.002630084353476868
993,joints,0.0,2.7047480922384253,0.0
994,jon,0.0,2.2992829841302607,0.0
995,jones,0.0058823529411764705,2.7047480922384253,0.01591028289552015
996,josh,0.0,2.7047480922384253,0.0
997,joshua,0.0,2.7047480922384253,0.0
998,jostens,0.0,2.7047480922384253,0.0
999,journal,0.0,2.7047480922384253,0.0
1000,journalist,0.0,2.7047480922384253,0.0
1001,journals,0.0014705882352941176,2.7047480922384253,0.003977570723880037
1002,journey,0.0,2.7047480922384253,0.0
1003,judge,0.0,2.2992829841302607,0.0
1004,judgments,0.0014705882352941176,2.7047480922384253,0.003977570723880037
1005,july,0.0,2.7047480922384253,0.0
1006,jumpstart,0.0,2.7047480922384253,0.0
1007,jumpstartis,0.0,2.7047480922384253,0.0
1008,june,0.0,2.7047480922384253,0.0
1009,jurassic,0.0,2.7047480922384253,0.0
1010,jurassiccan,0.0,2.7047480922384253,0.0
1011,justice,0.0,2.7047480922384253,0.0
1012,justify,0.0,2.7047480922384253,0.0
1013,juventus,0.0,2.7047480922384253,0.0
1014,karat,0.0,2.7047480922384253,0.0
1015,keen,0.0,2.7047480922384253,0.0
1016,key,0.0,1.6061358035703155,0.0
1017,khabib,0.0,2.7047480922384253,0.0
1018,ki,0.0,2.7047480922384253,0.0
1019,kiho,0.0,2.7047480922384253,0.0
1020,kill,0.0,2.7047480922384253,0.0
1021,kind,0.0029411764705882353,2.7047480922384253,0.007955141447760074
1022,kinds,0.0014705882352941176,2.2992829841302607,0.003381298506073913
1023,klebsiella,0.0,2.7047480922384253,0.0
1024,knee,0.0,2.7047480922384253,0.0
1025,knife,0.0,2.7047480922384253,0.0
1026,knock,0.0,2.7047480922384253,0.0
1027,knowledge,0.0014705882352941176,2.01160091167848,0.002958236634821294
1028,kroos,0.0,2.7047480922384253,0.0
1029,kylian,0.0,2.7047480922384253,0.0
1030,l,0.0,2.7047480922384253,0.0
1031,la,0.0,2.2992829841302607,0.0
1032,lab,0.0,2.2992829841302607,0.0
1033,labels,0.0014705882352941176,2.7047480922384253,0.003977570723880037
1034,laboratory,0.0014705882352941176,1.7884573603642702,0.002630084353476868
1035,labs’,0.0,2.7047480922384253,0.0
1036,lab’s,0.0,2.7047480922384253,0.0
1037,lack,0.0,2.7047480922384253,0.0
1038,lakers,0.0,2.7047480922384253,0.0
1039,lakers’,0.0,2.7047480922384253,0.0
1040,landry,0.0,2.7047480922384253,0.0
1041,language,0.004411764705882353,2.2992829841302607,0.010143895518221738
1042,languages,0.0,2.7047480922384253,0.0
1043,large,0.0,2.7047480922384253,0.0
1044,largely,0.0,2.2992829841302607,0.0
1045,larger,0.0014705882352941176,2.2992829841302607,0.003381298506073913
1046,larry,0.0,2.7047480922384253,0.0
1047,latif,0.0,2.7047480922384253,0.0
1048,latin,0.0,2.7047480922384253,0.0
1049,lattice,0.0,2.7047480922384253,0.0
1050,layer,0.0,2.7047480922384253,0.0
1051,layers,0.0,2.7047480922384253,0.0
1052,lead,0.004411764705882353,1.3184537311185345,0.005816707637287652
1053,leader,0.0,2.2992829841302607,0.0
1054,leaders,0.0,2.7047480922384253,0.0
1055,leadership,0.0,2.2992829841302607,0.0
1056,league,0.0,2.7047480922384253,0.0
1057,learn,0.0,1.7884573603642702,0.0
1058,leave,0.0,1.4519851237430572,0.0
1059,lebron,0.0,2.7047480922384253,0.0
1060,led,0.0,2.7047480922384253,0.0
1061,legislator,0.0014705882352941176,2.7047480922384253,0.003977570723880037
1062,legitimacy,0.0,2.7047480922384253,0.0
1063,lengthy,0.0,2.7047480922384253,0.0
1064,lesson,0.0,2.7047480922384253,0.0
1065,level,0.0,1.7884573603642702,0.0
1066,leverage,0.0,2.7047480922384253,0.0
1067,leveraging,0.0,2.7047480922384253,0.0
1068,li,0.0,2.7047480922384253,0.0
1069,licensed,0.0,2.7047480922384253,0.0
1070,lie,0.0,2.7047480922384253,0.0
1071,life,0.0,2.01160091167848,0.0
1072,liga,0.0,2.7047480922384253,0.0
1073,light,0.0,2.7047480922384253,0.0
1074,lighthearted,0.0,2.7047480922384253,0.0
1075,lighton,0.0,2.7047480922384253,0.0
1076,lightweight,0.0,2.7047480922384253,0.0
1077,likelihood,0.0,2.7047480922384253,0.0
1078,limit,0.0014705882352941176,2.01160091167848,0.002958236634821294
1079,limitation,0.0,2.7047480922384253,0.0
1080,line,0.0014705882352941176,2.2992829841302607,0.003381298506073913
1081,linear,0.0,2.7047480922384253,0.0
1082,lingering,0.0,2.7047480922384253,0.0
1083,linguistic,0.0029411764705882353,2.7047480922384253,0.007955141447760074
1084,link,0.0,2.7047480922384253,0.0
1085,lip,0.0,2.7047480922384253,0.0
1086,lipoprotein,0.0,2.7047480922384253,0.0
1087,lipoproteins,0.0,2.7047480922384253,0.0
1088,list,0.0,2.7047480922384253,0.0
1089,listen,0.0,2.7047480922384253,0.0
1090,literacy,0.004411764705882353,2.7047480922384253,0.011932712171640112
1091,liu,0.0,2.7047480922384253,0.0
1092,live,0.0,2.7047480922384253,0.0
1093,liver,0.0,2.7047480922384253,0.0
1094,liverpool,0.0,2.7047480922384253,0.0
1095,ljubljana,0.0,2.7047480922384253,0.0
1096,ll,0.0,2.7047480922384253,0.0
1097,llama,0.0,2.7047480922384253,0.0
1098,llm,0.0,2.7047480922384253,0.0
1099,llms,0.0,2.7047480922384253,0.0
1100,lobbying,0.0,2.7047480922384253,0.0
1101,location,0.0,2.7047480922384253,0.0
1102,locker,0.0,2.2992829841302607,0.0
1103,lolcde,0.0,2.7047480922384253,0.0
1104,long,0.0,1.7884573603642702,0.0
1105,looming,0.0,2.7047480922384253,0.0
1106,los,0.0,2.7047480922384253,0.0
1107,lose,0.0,2.7047480922384253,0.0
1108,loss,0.0,2.7047480922384253,0.0
1109,lot,0.0014705882352941176,1.7884573603642702,0.002630084353476868
1110,love,0.0,2.7047480922384253,0.0
1111,lucas,0.0,2.7047480922384253,0.0
1112,luka,0.0,2.2992829841302607,0.0
1113,lung,0.0,2.7047480922384253,0.0
1114,m,0.0014705882352941176,2.2992829841302607,0.003381298506073913
1115,machine,0.0,2.01160091167848,0.0
1116,madhouse,0.0,2.7047480922384253,0.0
1117,madrid,0.0,2.2992829841302607,0.0
1118,madrid’s,0.0,2.7047480922384253,0.0
1119,magnetic,0.0,2.2992829841302607,0.0
1120,magolan,0.0,2.7047480922384253,0.0
1121,mainstream,0.0029411764705882353,2.7047480922384253,0.007955141447760074
1122,maintain,0.0,2.2992829841302607,0.0
1123,major,0.0,2.2992829841302607,0.0
1124,make,0.0,2.01160091167848,0.0
1125,makers,0.0014705882352941176,2.7047480922384253,0.003977570723880037
1126,manage,0.0,2.7047480922384253,0.0
1127,manager,0.0,2.2992829841302607,0.0
1128,manhattan,0.0,2.7047480922384253,0.0
1129,mansion,0.0,2.7047480922384253,0.0
1130,manufacture,0.0,2.2992829841302607,0.0
1131,mapped,0.0,2.7047480922384253,0.0
1132,maps,0.0,2.7047480922384253,0.0
1133,marcus,0.0,2.7047480922384253,0.0
1134,maria,0.0,2.7047480922384253,0.0
1135,mark,0.0,2.2992829841302607,0.0
1136,martinez,0.0,2.7047480922384253,0.0
1137,masks,0.0,2.7047480922384253,0.0
1138,massive,0.0,2.7047480922384253,0.0
1139,massively,0.0014705882352941176,2.7047480922384253,0.003977570723880037
1140,mastantuono,0.0,2.7047480922384253,0.0
1141,match,0.0,2.2992829841302607,0.0
1142,matchup,0.0,2.7047480922384253,0.0
1143,material,0.0,2.7047480922384253,0.0
1144,materials,0.0,2.7047480922384253,0.0
1145,material’s,0.0,2.7047480922384253,0.0
1146,matters,0.0,2.7047480922384253,0.0
1147,mavs,0.0,2.7047480922384253,0.0
1148,maximize,0.0,2.7047480922384253,0.0
1149,mbappe,0.0,2.7047480922384253,0.0
1150,mcgovern,0.0,2.7047480922384253,0.0
1151,mclellan,0.0,2.7047480922384253,0.0
1152,mcmaster,0.0,2.7047480922384253,0.0
1153,meaning,0.0029411764705882353,2.2992829841302607,0.006762597012147826
1154,meaningful,0.0,2.7047480922384253,0.0
1155,meanings,0.0014705882352941176,2.2992829841302607,0.003381298506073913
1156,means,0.0,2.2992829841302607,0.0
1157,meant,0.0,2.7047480922384253,0.0
1158,measurable,0.0,2.7047480922384253,0.0
1159,measure,0.0,2.01160091167848,0.0
1160,measurement,0.0,2.7047480922384253,0.0
1161,mechanism,0.0,2.7047480922384253,0.0
1162,mechanisms,0.0,2.7047480922384253,0.0
1163,mechanistic,0.0,2.7047480922384253,0.0
1164,media,0.0058823529411764705,2.2992829841302607,0.013525194024295651
1165,medical,0.0,2.01160091167848,0.0
1166,medicine,0.0,2.7047480922384253,0.0
1167,meet,0.0,2.7047480922384253,0.0
1168,megan,0.0,2.7047480922384253,0.0
1169,member,0.0014705882352941176,2.2992829841302607,0.003381298506073913
1170,members,0.0,2.7047480922384253,0.0
1171,memorial’s,0.0,2.7047480922384253,0.0
1172,men,0.0,2.7047480922384253,0.0
1173,mental,0.0,2.7047480922384253,0.0
1174,mentally,0.0,2.2992829841302607,0.0
1175,message,0.0,2.7047480922384253,0.0
1176,messages,0.0,2.7047480922384253,0.0
1177,metabolic,0.0,2.7047480922384253,0.0
1178,meteor,0.0014705882352941176,2.7047480922384253,0.003977570723880037
1179,method,0.0,2.2992829841302607,0.0
1180,methodological,0.0014705882352941176,2.7047480922384253,0.003977570723880037
1181,methodology,0.0014705882352941176,2.2992829841302607,0.003381298506073913
1182,methods,0.0,2.2992829841302607,0.0
1183,metrics,0.0,2.7047480922384253,0.0
1184,miccai,0.0,2.7047480922384253,0.0
1185,mice,0.0,2.7047480922384253,0.0
1186,michael,0.0,2.7047480922384253,0.0
1187,michalowski,0.0,2.7047480922384253,0.0
1188,michelle,0.0014705882352941176,2.7047480922384253,0.003977570723880037
1189,michigan,0.0,2.7047480922384253,0.0
1190,microbes,0.0,2.7047480922384253,0.0
1191,microbial,0.0,2.7047480922384253,0.0
1192,microbiome,0.0,2.7047480922384253,0.0
1193,microelectronic,0.0,2.7047480922384253,0.0
1194,midseason,0.0,2.7047480922384253,0.0
1195,midst,0.0,2.7047480922384253,0.0
1196,miles,0.0,2.7047480922384253,0.0
1197,milestone,0.0,2.7047480922384253,0.0
1198,millimeters,0.0,2.7047480922384253,0.0
1199,million,0.0,2.2992829841302607,0.0
1200,millions,0.0,2.7047480922384253,0.0
1201,mimics,0.0014705882352941176,2.7047480922384253,0.003977570723880037
1202,min,0.0,2.7047480922384253,0.0
1203,mind,0.0,2.7047480922384253,0.0
1204,mingda,0.0,2.7047480922384253,0.0
1205,minutes,0.0,2.7047480922384253,0.0
1206,misaligned,0.0,2.7047480922384253,0.0
1207,mistrust,0.0014705882352941176,2.7047480922384253,0.003977570723880037
1208,misunderstandings,0.0014705882352941176,2.7047480922384253,0.003977570723880037
1209,mit,0.010294117647058823,1.6061358035703155,0.01653375091910619
1210,mit–mcmaster,0.0,2.7047480922384253,0.0
1211,mit’s,0.0014705882352941176,1.7884573603642702,0.002630084353476868
1212,ml,0.0,2.7047480922384253,0.0
1213,mode,0.0,2.7047480922384253,0.0
1214,model,0.0,1.7884573603642702,0.0
1215,modeling,0.0,2.2992829841302607,0.0
1216,models,0.0,2.01160091167848,0.0
1217,modify,0.0014705882352941176,2.7047480922384253,0.003977570723880037
1218,modric,0.0,2.7047480922384253,0.0
1219,molecular,0.0,2.7047480922384253,0.0
1220,molecule,0.0,2.7047480922384253,0.0
1221,molecules,0.0,2.7047480922384253,0.0
1222,moments,0.0,2.2992829841302607,0.0
1223,money,0.0,2.7047480922384253,0.0
1224,monitor,0.0,2.7047480922384253,0.0
1225,monotonous,0.0,2.7047480922384253,0.0
1226,month,0.0,2.01160091167848,0.0
1227,months,0.0,2.01160091167848,0.0
1228,montreal,0.0,2.7047480922384253,0.0
1229,morgenstern,0.0014705882352941176,2.7047480922384253,0.003977570723880037
1230,morning,0.0,2.7047480922384253,0.0
1231,motion,0.0,2.7047480922384253,0.0
1232,motions,0.0,2.7047480922384253,0.0
1233,motivated,0.0,2.7047480922384253,0.0
1234,motives,0.0,2.7047480922384253,0.0
1235,motto,0.0,2.7047480922384253,0.0
1236,mountains,0.0,2.7047480922384253,0.0
1237,mouse,0.0,2.7047480922384253,0.0
1238,move,0.0014705882352941176,1.6061358035703155,0.0023619644170151696
1239,movements,0.0,2.7047480922384253,0.0
1240,mri,0.0,2.2992829841302607,0.0
1241,mris,0.0,2.7047480922384253,0.0
1242,multi,0.0,2.2992829841302607,0.0
1243,multifaceted,0.0,2.7047480922384253,0.0
1244,multiple,0.0,2.7047480922384253,0.0
1245,muscle,0.0,2.7047480922384253,0.0
1246,mutants,0.0,2.7047480922384253,0.0
1247,mutant’s,0.0,2.7047480922384253,0.0
1248,mvp,0.0,2.7047480922384253,0.0
1249,nacho,0.0,2.7047480922384253,0.0
1250,narrow,0.0,2.2992829841302607,0.0
1251,national,0.0014705882352941176,1.7884573603642702,0.002630084353476868
1252,nationally,0.0,2.7047480922384253,0.0
1253,native,0.0,2.7047480922384253,0.0
1254,natural,0.0,2.2992829841302607,0.0
1255,nba,0.0,2.7047480922384253,0.0
1256,neatly,0.0014705882352941176,2.7047480922384253,0.003977570723880037
1257,necessarily,0.0,2.2992829841302607,0.0
1258,need,0.0,2.2992829841302607,0.0
1259,neonatal,0.0,2.7047480922384253,0.0
1260,network,0.0,2.7047480922384253,0.0
1261,networks,0.0,2.7047480922384253,0.0
1262,neural,0.0,2.7047480922384253,0.0
1263,neurodevelopmental,0.0,2.7047480922384253,0.0
1264,neuroimaging,0.0,2.7047480922384253,0.0
1265,neutron,0.0,2.7047480922384253,0.0
1266,neutrons,0.0,2.7047480922384253,0.0
1267,newborn,0.0,2.7047480922384253,0.0
1268,newer,0.0,2.7047480922384253,0.0
1269,news,0.0029411764705882353,2.2992829841302607,0.006762597012147826
1270,night,0.0,2.01160091167848,0.0
1271,nlp,0.0,2.7047480922384253,0.0
1272,node,0.0,2.7047480922384253,0.0
1273,nodes,0.0,2.7047480922384253,0.0
1274,noisy,0.0,2.7047480922384253,0.0
1275,norm,0.0,2.7047480922384253,0.0
1276,norms,0.0,2.7047480922384253,0.0
1277,note,0.0,2.2992829841302607,0.0
1278,notice,0.0,2.7047480922384253,0.0
1279,notoriously,0.0,2.2992829841302607,0.0
1280,nuanced,0.0,2.7047480922384253,0.0
1281,nuclear,0.0,2.7047480922384253,0.0
1282,number,0.0,2.2992829841302607,0.0
1283,numerical,0.0,2.7047480922384253,0.0
1284,nurmagomedov,0.0,2.7047480922384253,0.0
1285,oak,0.0,2.7047480922384253,0.0
1286,obscure,0.0,2.7047480922384253,0.0
1287,observe,0.0,2.7047480922384253,0.0
1288,observers,0.0,2.7047480922384253,0.0
1289,obvious,0.0,2.7047480922384253,0.0
1290,occasionally,0.0,2.7047480922384253,0.0
1291,ocean,0.0,2.7047480922384253,0.0
1292,october,0.0014705882352941176,1.6061358035703155,0.0023619644170151696
1293,offender,0.0,2.7047480922384253,0.0
1294,offer,0.0,2.2992829841302607,0.0
1295,office,0.0014705882352941176,2.2992829841302607,0.003381298506073913
1296,oft,0.0,2.7047480922384253,0.0
1297,okc,0.0,2.7047480922384253,0.0
1298,oklahoma,0.0,2.7047480922384253,0.0
1299,oklahoma’s,0.0,2.7047480922384253,0.0
1300,omnia,0.0,2.7047480922384253,0.0
1301,onefootball,0.0,2.7047480922384253,0.0
1302,online,0.0029411764705882353,2.7047480922384253,0.007955141447760074
1303,ontario,0.0,2.7047480922384253,0.0
1304,onward,0.0,2.7047480922384253,0.0
1305,open,0.0,2.01160091167848,0.0
1306,opener,0.0,2.7047480922384253,0.0
1307,openly,0.0,2.7047480922384253,0.0
1308,opinion,0.0,2.7047480922384253,0.0
1309,opinions,0.0,2.7047480922384253,0.0
1310,opportunity,0.0,2.01160091167848,0.0
1311,oppose,0.0,2.7047480922384253,0.0
1312,opposition,0.0014705882352941176,2.7047480922384253,0.003977570723880037
1313,optical,0.0,2.7047480922384253,0.0
1314,optimizing,0.0,2.7047480922384253,0.0
1315,orange,0.0,2.7047480922384253,0.0
1316,order,0.0,2.7047480922384253,0.0
1317,organization,0.0029411764705882353,2.7047480922384253,0.007955141447760074
1318,organizations,0.0029411764705882353,2.7047480922384253,0.007955141447760074
1319,organize,0.0014705882352941176,2.7047480922384253,0.003977570723880037
1320,orientations,0.0,2.7047480922384253,0.0
1321,original,0.0,2.7047480922384253,0.0
1322,others’,0.0,2.7047480922384253,0.0
1323,other’s,0.0,2.7047480922384253,0.0
1324,outcome,0.0,2.7047480922384253,0.0
1325,outer,0.0,2.7047480922384253,0.0
1326,outline,0.0,2.7047480922384253,0.0
1327,outperform,0.0,2.7047480922384253,0.0
1328,outperformed,0.0,2.7047480922384253,0.0
1329,output,0.0,2.7047480922384253,0.0
1330,overcome,0.0,2.2992829841302607,0.0
1331,overlaid,0.0,2.7047480922384253,0.0
1332,overlook,0.0,2.7047480922384253,0.0
1333,o’brien,0.0,2.7047480922384253,0.0
1334,p,0.0014705882352941176,2.7047480922384253,0.003977570723880037
1335,pacemakers,0.0,2.7047480922384253,0.0
1336,pacific,0.0,2.7047480922384253,0.0
1337,page,0.0,2.7047480922384253,0.0
1338,pages,0.0,2.7047480922384253,0.0
1339,painstaking,0.0,2.7047480922384253,0.0
1340,pair,0.0014705882352941176,2.2992829841302607,0.003381298506073913
1341,palette,0.0014705882352941176,2.7047480922384253,0.003977570723880037
1342,palm,0.0,2.7047480922384253,0.0
1343,pandemic,0.0029411764705882353,2.7047480922384253,0.007955141447760074
1344,paper,0.0014705882352941176,1.6061358035703155,0.0023619644170151696
1345,papers,0.0058823529411764705,2.7047480922384253,0.01591028289552015
1346,paradigm,0.0,2.7047480922384253,0.0
1347,parallel,0.0,2.7047480922384253,0.0
1348,parameter,0.0,2.7047480922384253,0.0
1349,parameters,0.0,2.7047480922384253,0.0
1350,parametric,0.0,2.7047480922384253,0.0
1351,parent,0.0,2.7047480922384253,0.0
1352,part,0.004411764705882353,1.6061358035703155,0.007085893251045509
1353,participants,0.0,2.7047480922384253,0.0
1354,participants’,0.0,2.7047480922384253,0.0
1355,parts,0.0,2.7047480922384253,0.0
1356,pathogens,0.0,2.7047480922384253,0.0
1357,pathway,0.0,2.7047480922384253,0.0
1358,pathways,0.0,2.7047480922384253,0.0
1359,patients,0.0,2.7047480922384253,0.0
1360,patricia,0.0,2.7047480922384253,0.0
1361,patrick,0.0,2.7047480922384253,0.0
1362,pattern,0.0,2.7047480922384253,0.0
1363,patterns,0.0,2.7047480922384253,0.0
1364,paul,0.0,2.7047480922384253,0.0
1365,paycom,0.0,2.7047480922384253,0.0
1366,pedagogically,0.0,2.7047480922384253,0.0
1367,pediatrics,0.0,2.7047480922384253,0.0
1368,peiqi,0.0,2.7047480922384253,0.0
1369,people,0.014705882352941176,1.7884573603642702,0.026300843534768678
1370,people’s,0.0,2.7047480922384253,0.0
1371,perceive,0.0,2.7047480922384253,0.0
1372,percent,0.0,2.7047480922384253,0.0
1373,perceptions,0.0,2.7047480922384253,0.0
1374,perfect,0.0,2.2992829841302607,0.0
1375,perfectly,0.0,2.7047480922384253,0.0
1376,perform,0.0,2.2992829841302607,0.0
1377,performance,0.0,2.01160091167848,0.0
1378,periods,0.0,2.7047480922384253,0.0
1379,persist,0.0,2.7047480922384253,0.0
1380,person,0.0,2.01160091167848,0.0
1381,personal,0.0,2.7047480922384253,0.0
1382,perspective,0.0014705882352941176,2.2992829841302607,0.003381298506073913
1383,pexels,0.0,2.7047480922384253,0.0
1384,pfl,0.0,2.7047480922384253,0.0
1385,pfpfee,0.0014705882352941176,2.7047480922384253,0.003977570723880037
1386,phd,0.0,2.2992829841302607,0.0
1387,phenomena,0.0014705882352941176,2.7047480922384253,0.003977570723880037
1388,phenomenon,0.0029411764705882353,2.7047480922384253,0.007955141447760074
1389,phonon,0.0,2.7047480922384253,0.0
1390,photo,0.0,2.2992829841302607,0.0
1391,phrases,0.0,2.7047480922384253,0.0
1392,phum,0.0,2.7047480922384253,0.0
1393,physical,0.0,2.2992829841302607,0.0
1394,physics,0.0,2.7047480922384253,0.0
1395,picture,0.0,2.2992829841302607,0.0
1396,pin,0.0,2.7047480922384253,0.0
1397,pinpoint,0.0,2.7047480922384253,0.0
1398,pioneering,0.0,2.7047480922384253,0.0
1399,pipeline,0.0,2.7047480922384253,0.0
1400,pitch,0.0,2.7047480922384253,0.0
1401,place,0.0,2.7047480922384253,0.0
1402,plate,0.0,2.7047480922384253,0.0
1403,plateaued,0.0,2.7047480922384253,0.0
1404,platform,0.0014705882352941176,2.7047480922384253,0.003977570723880037
1405,play,0.0,2.01160091167848,0.0
1406,player,0.0,2.01160091167848,0.0
1407,players,0.0,2.01160091167848,0.0
1408,player’s,0.0,2.7047480922384253,0.0
1409,playground,0.0,2.7047480922384253,0.0
1410,playoff,0.0,2.7047480922384253,0.0
1411,pnas,0.0,2.7047480922384253,0.0
1412,pneumoniae,0.0,2.7047480922384253,0.0
1413,pockets,0.0,2.7047480922384253,0.0
1414,point,0.004411764705882353,1.6061358035703155,0.007085893251045509
1415,pointers,0.0,2.7047480922384253,0.0
1416,polarization,0.0,2.7047480922384253,0.0
1417,polina,0.0,2.7047480922384253,0.0
1418,political,0.0014705882352941176,2.7047480922384253,0.003977570723880037
1419,pollination,0.0014705882352941176,2.7047480922384253,0.003977570723880037
1420,pool,0.0,2.7047480922384253,0.0
1421,poor,0.0,2.7047480922384253,0.0
1422,populations,0.0,2.7047480922384253,0.0
1423,porsche,0.0,2.7047480922384253,0.0
1424,pose,0.0,2.7047480922384253,0.0
1425,position,0.0,2.7047480922384253,0.0
1426,positive,0.0,2.7047480922384253,0.0
1427,possibilities,0.0,2.2992829841302607,0.0
1428,postdoc,0.0029411764705882353,2.2992829841302607,0.006762597012147826
1429,posted,0.0,2.2992829841302607,0.0
1430,potential,0.0,1.6061358035703155,0.0
1431,potentially,0.0,2.2992829841302607,0.0
1432,powerful,0.0014705882352941176,2.01160091167848,0.002958236634821294
1433,practical,0.0,2.2992829841302607,0.0
1434,practice,0.0,2.7047480922384253,0.0
1435,pre,0.0,2.7047480922384253,0.0
1436,prebuilt,0.0,2.7047480922384253,0.0
1437,precise,0.0,2.01160091167848,0.0
1438,precisely,0.0,2.2992829841302607,0.0
1439,precision,0.0,2.7047480922384253,0.0
1440,preclude,0.0,2.7047480922384253,0.0
1441,preconceived,0.0,2.7047480922384253,0.0
1442,predict,0.0,1.7884573603642702,0.0
1443,prediction,0.0,2.2992829841302607,0.0
1444,predictions,0.0,2.2992829841302607,0.0
1445,pregnant,0.0,2.7047480922384253,0.0
1446,preparation,0.0,2.7047480922384253,0.0
1447,prescribed,0.0,2.7047480922384253,0.0
1448,preseason,0.0,2.7047480922384253,0.0
1449,present,0.0014705882352941176,2.2992829841302607,0.003381298506073913
1450,presentation,0.0014705882352941176,2.7047480922384253,0.003977570723880037
1451,president,0.0,2.7047480922384253,0.0
1452,press,0.0014705882352941176,1.4519851237430572,0.0021352722407986134
1453,presti,0.0,2.7047480922384253,0.0
1454,pretrained,0.0,2.7047480922384253,0.0
1455,prevention,0.0014705882352941176,2.7047480922384253,0.003977570723880037
1456,previous,0.0,2.7047480922384253,0.0
1457,previously,0.0014705882352941176,2.2992829841302607,0.003381298506073913
1458,primarily,0.0014705882352941176,2.7047480922384253,0.003977570723880037
1459,primed,0.0,2.7047480922384253,0.0
1460,principal,0.0,2.7047480922384253,0.0
1461,principle,0.0,2.7047480922384253,0.0
1462,prior,0.0,2.7047480922384253,0.0
1463,priscilla,0.0,2.7047480922384253,0.0
1464,prison,0.0,2.7047480922384253,0.0
1465,prize,0.0014705882352941176,2.2992829841302607,0.003381298506073913
1466,probabilistic,0.0,2.7047480922384253,0.0
1467,probe,0.0,2.7047480922384253,0.0
1468,problem,0.0014705882352941176,2.2992829841302607,0.003381298506073913
1469,problems,0.0,2.7047480922384253,0.0
1470,procedure,0.0,2.2992829841302607,0.0
1471,process,0.0,1.6061358035703155,0.0
1472,produce,0.0029411764705882353,1.7884573603642702,0.005260168706953736
1473,product,0.0,2.7047480922384253,0.0
1474,production,0.0,2.7047480922384253,0.0
1475,professor,0.0029411764705882353,1.6061358035703155,0.004723928834030339
1476,professors,0.0,2.7047480922384253,0.0
1477,proficient,0.0,2.7047480922384253,0.0
1478,program,0.0014705882352941176,2.01160091167848,0.002958236634821294
1479,programming,0.0,2.7047480922384253,0.0
1480,progress,0.0,2.7047480922384253,0.0
1481,project,0.0,2.2992829841302607,0.0
1482,promise,0.0,2.7047480922384253,0.0
1483,prompt,0.0,2.7047480922384253,0.0
1484,prompts,0.0,2.7047480922384253,0.0
1485,properties,0.0,2.2992829841302607,0.0
1486,property,0.0,2.7047480922384253,0.0
1487,proportional,0.0,2.2992829841302607,0.0
1488,proportionality,0.0,2.7047480922384253,0.0
1489,propose,0.0,2.7047480922384253,0.0
1490,prospect,0.0,2.7047480922384253,0.0
1491,protect,0.0,2.7047480922384253,0.0
1492,protein,0.0,2.7047480922384253,0.0
1493,proteins,0.0,2.7047480922384253,0.0
1494,proven,0.0,2.7047480922384253,0.0
1495,provide,0.0,2.01160091167848,0.0
1496,public,0.0,2.2992829841302607,0.0
1497,publication,0.0014705882352941176,1.6061358035703155,0.0023619644170151696
1498,publish,0.0,2.7047480922384253,0.0
1499,pujades,0.0,2.7047480922384253,0.0
1500,pulitzer,0.0014705882352941176,2.7047480922384253,0.003977570723880037
1501,punctuality,0.0,2.7047480922384253,0.0
1502,punish,0.0,2.7047480922384253,0.0
1503,punishment,0.0,2.7047480922384253,0.0
1504,punishments,0.0,2.7047480922384253,0.0
1505,punitive,0.0,2.7047480922384253,0.0
1506,pure,0.0,2.7047480922384253,0.0
1507,put,0.0014705882352941176,1.7884573603642702,0.002630084353476868
1508,python,0.0,2.7047480922384253,0.0
1509,qualitative,0.0029411764705882353,2.7047480922384253,0.007955141447760074
1510,quality,0.0,2.2992829841302607,0.0
1511,quantify,0.0,2.7047480922384253,0.0
1512,quantitative,0.004411764705882353,2.7047480922384253,0.011932712171640112
1513,quantities,0.0,2.7047480922384253,0.0
1514,quantum,0.0,2.7047480922384253,0.0
1515,quelling,0.0,2.7047480922384253,0.0
1516,queries,0.0,2.7047480922384253,0.0
1517,question,0.0,2.2992829841302607,0.0
1518,quick,0.0014705882352941176,2.7047480922384253,0.003977570723880037
1519,quickly,0.0,2.7047480922384253,0.0
1520,rabadanov,0.0,2.7047480922384253,0.0
1521,rachel,0.0,2.7047480922384253,0.0
1522,radiology,0.0,2.7047480922384253,0.0
1523,radkani,0.0,2.7047480922384253,0.0
1524,rae,0.0014705882352941176,2.7047480922384253,0.003977570723880037
1525,raise,0.0,2.7047480922384253,0.0
1526,random,0.0,2.7047480922384253,0.0
1527,range,0.0,2.2992829841302607,0.0
1528,rapidly,0.0,2.7047480922384253,0.0
1529,rate,0.0,2.7047480922384253,0.0
1530,rationally,0.0,2.7047480922384253,0.0
1531,reach,0.0,2.2992829841302607,0.0
1532,reaction,0.0014705882352941176,2.2992829841302607,0.003381298506073913
1533,read,0.0014705882352941176,2.01160091167848,0.002958236634821294
1534,readable,0.0,2.7047480922384253,0.0
1535,readers,0.0014705882352941176,2.7047480922384253,0.003977570723880037
1536,readily,0.0,2.7047480922384253,0.0
1537,real,0.0014705882352941176,1.7884573603642702,0.002630084353476868
1538,realistically,0.0,2.7047480922384253,0.0
1539,reason,0.0,2.7047480922384253,0.0
1540,reasonable,0.0,2.2992829841302607,0.0
1541,reasoning,0.0,2.2992829841302607,0.0
1542,reaves,0.0,2.7047480922384253,0.0
1543,rebecca,0.0,2.7047480922384253,0.0
1544,receive,0.0,2.2992829841302607,0.0
1545,recognize,0.0,2.7047480922384253,0.0
1546,record,0.0,2.2992829841302607,0.0
1547,recover,0.0,2.2992829841302607,0.0
1548,recreate,0.0,2.7047480922384253,0.0
1549,recreating,0.0,2.7047480922384253,0.0
1550,recurrent,0.0,2.7047480922384253,0.0
1551,red,0.0014705882352941176,2.7047480922384253,0.003977570723880037
1552,redefine,0.0,2.7047480922384253,0.0
1553,redick,0.0,2.7047480922384253,0.0
1554,reduce,0.0,2.2992829841302607,0.0
1555,reduction,0.0,2.7047480922384253,0.0
1556,refer,0.0,2.7047480922384253,0.0
1557,refines,0.0,2.7047480922384253,0.0
1558,reflect,0.0,2.2992829841302607,0.0
1559,refocused,0.0,2.7047480922384253,0.0
1560,regina,0.0,2.7047480922384253,0.0
1561,regular,0.0,2.7047480922384253,0.0
1562,reigning,0.0,2.7047480922384253,0.0
1563,reinforce,0.0,2.7047480922384253,0.0
1564,reinterprets,0.0,2.7047480922384253,0.0
1565,reintroduced,0.0014705882352941176,2.7047480922384253,0.003977570723880037
1566,relate,0.0014705882352941176,2.2992829841302607,0.003381298506073913
1567,relation,0.0,2.7047480922384253,0.0
1568,relationship,0.0,2.7047480922384253,0.0
1569,relationships,0.0,2.7047480922384253,0.0
1570,release,0.0,2.2992829841302607,0.0
1571,relevant,0.0,2.7047480922384253,0.0
1572,reliable,0.0,2.2992829841302607,0.0
1573,reliably,0.0,2.7047480922384253,0.0
1574,rely,0.0,2.2992829841302607,0.0
1575,remain,0.0,2.2992829841302607,0.0
1576,remarkable,0.0,2.7047480922384253,0.0
1577,remind,0.0,2.7047480922384253,0.0
1578,remove,0.0029411764705882353,2.7047480922384253,0.007955141447760074
1579,render,0.0014705882352941176,2.7047480922384253,0.003977570723880037
1580,repetitive,0.0,2.7047480922384253,0.0
1581,replace,0.0,2.7047480922384253,0.0
1582,replicate,0.0,2.7047480922384253,0.0
1583,report,0.0,2.2992829841302607,0.0
1584,reportedly,0.0,2.7047480922384253,0.0
1585,repositories,0.0,2.7047480922384253,0.0
1586,represent,0.0,1.7884573603642702,0.0
1587,representation,0.0,2.7047480922384253,0.0
1588,representations,0.0,2.2992829841302607,0.0
1589,republican,0.0014705882352941176,2.7047480922384253,0.003977570723880037
1590,request,0.0,2.7047480922384253,0.0
1591,require,0.0014705882352941176,2.2992829841302607,0.003381298506073913
1592,research,0.007352941176470588,1.6061358035703155,0.011809822085075848
1593,researcher,0.0,2.7047480922384253,0.0
1594,researchers,0.016176470588235296,1.6061358035703155,0.02598160858716687
1595,researchers’,0.0,2.7047480922384253,0.0
1596,residents,0.0,2.7047480922384253,0.0
1597,resistance,0.0,2.7047480922384253,0.0
1598,resistant,0.0,2.7047480922384253,0.0
1599,resolve,0.0,2.7047480922384253,0.0
1600,resonance,0.0,2.7047480922384253,0.0
1601,respect,0.0,2.7047480922384253,0.0
1602,respond,0.0,2.7047480922384253,0.0
1603,response,0.0,2.7047480922384253,0.0
1604,responses,0.0,2.7047480922384253,0.0
1605,responsibilities,0.0,2.7047480922384253,0.0
1606,rest,0.0,2.2992829841302607,0.0
1607,restrict,0.0014705882352941176,2.7047480922384253,0.003977570723880037
1608,result,0.0014705882352941176,1.6061358035703155,0.0023619644170151696
1609,resurface,0.0,2.7047480922384253,0.0
1610,retain,0.0,2.7047480922384253,0.0
1611,rethink,0.0,2.7047480922384253,0.0
1612,rethinking,0.0,2.7047480922384253,0.0
1613,retire,0.0,2.2992829841302607,0.0
1614,return,0.0,2.7047480922384253,0.0
1615,reveal,0.0029411764705882353,1.3184537311185345,0.0038778050915251015
1616,rice,0.0,2.7047480922384253,0.0
1617,ride,0.0,2.7047480922384253,0.0
1618,ridge,0.0,2.7047480922384253,0.0
1619,ring,0.0,2.7047480922384253,0.0
1620,ringmakers,0.0,2.7047480922384253,0.0
1621,ring’s,0.0,2.7047480922384253,0.0
1622,ring”,0.0,2.7047480922384253,0.0
1623,rivalry,0.0,2.2992829841302607,0.0
1624,river,0.0,2.7047480922384253,0.0
1625,riverside,0.0,2.7047480922384253,0.0
1626,rna,0.0,2.7047480922384253,0.0
1627,rnn,0.0,2.7047480922384253,0.0
1628,road,0.0,2.7047480922384253,0.0
1629,robbins,0.0,2.7047480922384253,0.0
1630,robotic,0.0,2.7047480922384253,0.0
1631,robots,0.0,2.7047480922384253,0.0
1632,rockets,0.0,2.7047480922384253,0.0
1633,role,0.0014705882352941176,2.01160091167848,0.002958236634821294
1634,room,0.0,2.2992829841302607,0.0
1635,room”,0.0,2.7047480922384253,0.0
1636,roster,0.0,2.7047480922384253,0.0
1637,routinely,0.0,2.7047480922384253,0.0
1638,ruby,0.0,2.7047480922384253,0.0
1639,rui,0.0,2.7047480922384253,0.0
1640,rule,0.0,2.7047480922384253,0.0
1641,run,0.0,2.7047480922384253,0.0
1642,russian,0.0,2.7047480922384253,0.0
1643,s,0.0,1.7884573603642702,0.0
1644,safe,0.0,2.7047480922384253,0.0
1645,sagemaker,0.0,2.7047480922384253,0.0
1646,sam,0.0,2.7047480922384253,0.0
1647,sample,0.0,2.7047480922384253,0.0
1648,sapphires,0.0,2.7047480922384253,0.0
1649,satyanarayan,0.007352941176470588,2.7047480922384253,0.019887853619400184
1650,saudi,0.0,2.7047480922384253,0.0
1651,saxe,0.0,2.7047480922384253,0.0
1652,saxe’s,0.0,2.7047480922384253,0.0
1653,scale,0.0,2.7047480922384253,0.0
1654,scanners,0.0,2.7047480922384253,0.0
1655,scans,0.0,2.7047480922384253,0.0
1656,scattered,0.0,2.7047480922384253,0.0
1657,scattering,0.0,2.7047480922384253,0.0
1658,scenario,0.0,2.7047480922384253,0.0
1659,scenarios,0.0,2.7047480922384253,0.0
1660,scenes,0.0,2.7047480922384253,0.0
1661,scholarship,0.0,2.7047480922384253,0.0
1662,school,0.0,2.2992829841302607,0.0
1663,sciatica,0.0,2.7047480922384253,0.0
1664,science,0.0058823529411764705,1.7884573603642702,0.010520337413907472
1665,sciences,0.0,2.2992829841302607,0.0
1666,scientific,0.0029411764705882353,2.2992829841302607,0.006762597012147826
1667,scientist,0.0,2.7047480922384253,0.0
1668,scientists,0.0058823529411764705,1.7884573603642702,0.010520337413907472
1669,scolding,0.0,2.7047480922384253,0.0
1670,scope,0.0014705882352941176,2.2992829841302607,0.003381298506073913
1671,score,0.0,2.2992829841302607,0.0
1672,scorecards,0.0,2.7047480922384253,0.0
1673,scream,0.0,2.7047480922384253,0.0
1674,screening,0.0,2.7047480922384253,0.0
1675,scrolling,0.0014705882352941176,2.7047480922384253,0.003977570723880037
1676,sculpture,0.0,2.7047480922384253,0.0
1677,sdk,0.0,2.7047480922384253,0.0
1678,search,0.0,2.2992829841302607,0.0
1679,season,0.0,2.01160091167848,0.0
1680,sebastian,0.0,2.7047480922384253,0.0
1681,seconds,0.0014705882352941176,2.7047480922384253,0.003977570723880037
1682,section1,0.0,2.7047480922384253,0.0
1683,see,0.0,2.2992829841302607,0.0
1684,seek,0.0,2.7047480922384253,0.0
1685,segundo,0.0,2.7047480922384253,0.0
1686,selectively,0.0,2.7047480922384253,0.0
1687,selfishness,0.0,2.7047480922384253,0.0
1688,semiconductors,0.0,2.7047480922384253,0.0
1689,send,0.0,2.2992829841302607,0.0
1690,senior,0.0029411764705882353,1.6061358035703155,0.004723928834030339
1691,sense,0.0,2.7047480922384253,0.0
1692,sensitive,0.0,2.7047480922384253,0.0
1693,sentences,0.0,2.2992829841302607,0.0
1694,sentiment,0.0,2.7047480922384253,0.0
1695,sentiments,0.0,2.7047480922384253,0.0
1696,september,0.0,2.2992829841302607,0.0
1697,sequence,0.0,2.7047480922384253,0.0
1698,sequences,0.0,2.7047480922384253,0.0
1699,sequencing,0.0,2.7047480922384253,0.0
1700,sequentially,0.0,2.7047480922384253,0.0
1701,sergi,0.0,2.7047480922384253,0.0
1702,series,0.0,2.2992829841302607,0.0
1703,serve,0.0029411764705882353,2.7047480922384253,0.007955141447760074
1704,service,0.0,2.7047480922384253,0.0
1705,sessions,0.0,2.7047480922384253,0.0
1706,set,0.0014705882352941176,1.7884573603642702,0.002630084353476868
1707,setayesh,0.0,2.7047480922384253,0.0
1708,setback,0.0,2.7047480922384253,0.0
1709,settle,0.0,2.7047480922384253,0.0
1710,setup,0.0,2.2992829841302607,0.0
1711,setups,0.0,2.7047480922384253,0.0
1712,severities,0.0,2.7047480922384253,0.0
1713,sex,0.0,2.7047480922384253,0.0
1714,shai,0.0,2.7047480922384253,0.0
1715,shape,0.0014705882352941176,1.6061358035703155,0.0023619644170151696
1716,sharapova,0.0,2.7047480922384253,0.0
1717,share,0.0,2.01160091167848,0.0
1718,shell,0.0,2.7047480922384253,0.0
1719,shield,0.0,2.7047480922384253,0.0
1720,shift,0.0,2.2992829841302607,0.0
1721,shimmers,0.0,2.7047480922384253,0.0
1722,shipps,0.0,2.2992829841302607,0.0
1723,shock,0.0,2.7047480922384253,0.0
1724,shoe,0.0,2.7047480922384253,0.0
1725,shoot,0.0,2.2992829841302607,0.0
1726,short,0.0,2.7047480922384253,0.0
1727,shortage,0.0,2.7047480922384253,0.0
1728,shots,0.0,2.7047480922384253,0.0
1729,shoulder,0.0,2.7047480922384253,0.0
1730,show,0.004411764705882353,1.4519851237430572,0.00640581672239584
1731,showcases,0.0014705882352941176,2.7047480922384253,0.003977570723880037
1732,shrank,0.0,2.7047480922384253,0.0
1733,sibling,0.0,2.7047480922384253,0.0
1734,side,0.0,2.2992829841302607,0.0
1735,sift,0.0,2.7047480922384253,0.0
1736,sign,0.0014705882352941176,2.2992829841302607,0.003381298506073913
1737,signal,0.0029411764705882353,2.2992829841302607,0.006762597012147826
1738,signature,0.0,2.7047480922384253,0.0
1739,significantly,0.0,2.7047480922384253,0.0
1740,signings,0.0,2.7047480922384253,0.0
1741,silhouette,0.0,2.7047480922384253,0.0
1742,silver,0.0,2.7047480922384253,0.0
1743,similar,0.0,2.2992829841302607,0.0
1744,similarly,0.0,2.7047480922384253,0.0
1745,simple,0.0,2.7047480922384253,0.0
1746,simultaneously,0.0,2.7047480922384253,0.0
1747,single,0.0,2.2992829841302607,0.0
1748,siri,0.0,2.7047480922384253,0.0
1749,siriviboon,0.0,2.7047480922384253,0.0
1750,sit,0.0,2.7047480922384253,0.0
1751,situation,0.0,2.2992829841302607,0.0
1752,situations,0.0,2.7047480922384253,0.0
1753,size,0.0,2.2992829841302607,0.0
1754,skeleton,0.0,2.7047480922384253,0.0
1755,skeptical,0.0,2.7047480922384253,0.0
1756,skills,0.0,2.7047480922384253,0.0
1757,skin,0.0,2.7047480922384253,0.0
1758,skinned,0.0,2.7047480922384253,0.0
1759,sledgehammer,0.0,2.7047480922384253,0.0
1760,sleep,0.0,2.7047480922384253,0.0
1761,slimmer,0.0,2.7047480922384253,0.0
1762,sloan,0.0014705882352941176,2.7047480922384253,0.003977570723880037
1763,slovenia,0.0,2.7047480922384253,0.0
1764,slovenian,0.0,2.7047480922384253,0.0
1765,slowly,0.0,2.7047480922384253,0.0
1766,sm,0.0,2.7047480922384253,0.0
1767,small,0.0,1.7884573603642702,0.0
1768,smaller,0.0,2.7047480922384253,0.0
1769,smart,0.0,2.7047480922384253,0.0
1770,smil,0.0,2.7047480922384253,0.0
1771,smile,0.0,2.7047480922384253,0.0
1772,smpl,0.0,2.7047480922384253,0.0
1773,smpl”,0.0,2.7047480922384253,0.0
1774,social,0.027941176470588237,2.01160091167848,0.056206496061604584
1775,society,0.0,2.7047480922384253,0.0
1776,socio,0.0014705882352941176,2.7047480922384253,0.003977570723880037
1777,solution,0.0014705882352941176,2.7047480922384253,0.003977570723880037
1778,solutions,0.0,2.7047480922384253,0.0
1779,sophisticated,0.0,2.7047480922384253,0.0
1780,source,0.0014705882352941176,2.7047480922384253,0.003977570723880037
1781,sources,0.0014705882352941176,2.01160091167848,0.002958236634821294
1782,space,0.0,2.2992829841302607,0.0
1783,sparkling,0.0,2.7047480922384253,0.0
1784,speak,0.0,2.7047480922384253,0.0
1785,specific,0.0,2.7047480922384253,0.0
1786,specifically,0.0,2.7047480922384253,0.0
1787,spectroscopy,0.0,2.7047480922384253,0.0
1788,spectrum,0.0,2.7047480922384253,0.0
1789,speech,0.0,2.7047480922384253,0.0
1790,speed,0.0,2.7047480922384253,0.0
1791,speedy,0.0,2.7047480922384253,0.0
1792,spinout,0.0,2.7047480922384253,0.0
1793,sport,0.0,2.7047480922384253,0.0
1794,sports,0.0,2.7047480922384253,0.0
1795,spread,0.0014705882352941176,2.2992829841302607,0.003381298506073913
1796,spring,0.0,2.7047480922384253,0.0
1797,sql,0.0,2.7047480922384253,0.0
1798,squabble,0.0,2.7047480922384253,0.0
1799,squad,0.0,2.7047480922384253,0.0
1800,squence,0.0,2.7047480922384253,0.0
1801,staff,0.0,2.2992829841302607,0.0
1802,stage,0.0,2.7047480922384253,0.0
1803,stages,0.0,2.7047480922384253,0.0
1804,stake,0.0,2.7047480922384253,0.0
1805,stamp,0.0,2.7047480922384253,0.0
1806,standard,0.0,2.7047480922384253,0.0
1807,standards,0.0,2.7047480922384253,0.0
1808,star,0.0,2.7047480922384253,0.0
1809,start,0.0014705882352941176,1.2006706954621513,0.001765692199209046
1810,startups,0.0,2.7047480922384253,0.0
1811,state,0.0,2.01160091167848,0.0
1812,station,0.0,2.7047480922384253,0.0
1813,stay,0.0,2.2992829841302607,0.0
1814,steadied,0.0,2.7047480922384253,0.0
1815,stellar,0.0,2.7047480922384253,0.0
1816,stem,0.0,2.2992829841302607,0.0
1817,step,0.0,2.2992829841302607,0.0
1818,steph,0.0,2.7047480922384253,0.0
1819,stephen,0.0,2.7047480922384253,0.0
1820,stewart,0.0,2.7047480922384253,0.0
1821,stoked,0.0,2.7047480922384253,0.0
1822,stokes,0.0,2.7047480922384253,0.0
1823,stokes’,0.0,2.7047480922384253,0.0
1824,stop,0.0,2.2992829841302607,0.0
1825,stopovers,0.0,2.7047480922384253,0.0
1826,story,0.0,2.7047480922384253,0.0
1827,stranger’s,0.0,2.7047480922384253,0.0
1828,strategies,0.0014705882352941176,2.2992829841302607,0.003381298506073913
1829,strategy,0.0,2.2992829841302607,0.0
1830,strength,0.0,2.7047480922384253,0.0
1831,strengthen,0.0,2.7047480922384253,0.0
1832,stride,0.0,2.7047480922384253,0.0
1833,strike,0.0,2.7047480922384253,0.0
1834,strip,0.0014705882352941176,2.7047480922384253,0.003977570723880037
1835,strong,0.0014705882352941176,1.7884573603642702,0.002630084353476868
1836,structural,0.0,2.7047480922384253,0.0
1837,structure,0.0,2.7047480922384253,0.0
1838,structures,0.0,2.7047480922384253,0.0
1839,sts,0.0,2.7047480922384253,0.0
1840,student,0.0,2.01160091167848,0.0
1841,students,0.0,2.7047480922384253,0.0
1842,studio,0.0,2.7047480922384253,0.0
1843,study,0.014705882352941176,1.6061358035703155,0.023619644170151697
1844,stunning,0.0,2.7047480922384253,0.0
1845,style,0.0014705882352941176,2.2992829841302607,0.003381298506073913
1846,subgroups,0.0014705882352941176,2.7047480922384253,0.003977570723880037
1847,subject,0.0,2.7047480922384253,0.0
1848,subsequent,0.0,2.7047480922384253,0.0
1849,substitute,0.0,2.7047480922384253,0.0
1850,success,0.0,2.2992829841302607,0.0
1851,successful,0.0,2.7047480922384253,0.0
1852,suggest,0.0,2.7047480922384253,0.0
1853,suit,0.0,2.7047480922384253,0.0
1854,summarization,0.0,2.7047480922384253,0.0
1855,summarizing,0.0,2.7047480922384253,0.0
1856,summer,0.0,2.2992829841302607,0.0
1857,sunlin,0.0,2.7047480922384253,0.0
1858,superconducting,0.0,2.7047480922384253,0.0
1859,superconductivity,0.0,2.7047480922384253,0.0
1860,superstar,0.0,2.7047480922384253,0.0
1861,supervise,0.0,2.7047480922384253,0.0
1862,support,0.0014705882352941176,1.6061358035703155,0.0023619644170151696
1863,suppress,0.0,2.7047480922384253,0.0
1864,surely,0.0,2.7047480922384253,0.0
1865,surette,0.0,2.7047480922384253,0.0
1866,surface,0.0,2.7047480922384253,0.0
1867,survey,0.0,2.7047480922384253,0.0
1868,surveys,0.0014705882352941176,2.7047480922384253,0.003977570723880037
1869,suspect,0.0,2.7047480922384253,0.0
1870,sustain,0.0,2.7047480922384253,0.0
1871,switch,0.0,2.7047480922384253,0.0
1872,sword,0.0,2.7047480922384253,0.0
1873,symptoms,0.0,2.7047480922384253,0.0
1874,system,0.0,2.2992829841302607,0.0
1875,system’s,0.0,2.7047480922384253,0.0
1876,t,0.0,2.7047480922384253,0.0
1877,table,0.0,2.7047480922384253,0.0
1878,tackle,0.0,2.7047480922384253,0.0
1879,tactic,0.0,2.7047480922384253,0.0
1880,take,0.0,2.7047480922384253,0.0
1881,talented,0.0,2.7047480922384253,0.0
1882,talk,0.0,2.2992829841302607,0.0
1883,target,0.0,2.2992829841302607,0.0
1884,targeted,0.0,2.7047480922384253,0.0
1885,targeting,0.0,2.7047480922384253,0.0
1886,targets,0.0,2.7047480922384253,0.0
1887,tasks,0.0,2.7047480922384253,0.0
1888,taylor,0.0,2.7047480922384253,0.0
1889,tchouameni,0.0,2.7047480922384253,0.0
1890,teach,0.0,2.2992829841302607,0.0
1891,team,0.0,1.3184537311185345,0.0
1892,teammate,0.0,2.7047480922384253,0.0
1893,teammates,0.0,2.2992829841302607,0.0
1894,teammate’s,0.0,2.7047480922384253,0.0
1895,teams,0.0,2.7047480922384253,0.0
1896,team’s,0.0,2.2992829841302607,0.0
1897,technical,0.0,2.7047480922384253,0.0
1898,technique,0.0,2.2992829841302607,0.0
1899,techniques,0.0,2.2992829841302607,0.0
1900,technology,0.0,2.2992829841302607,0.0
1901,televised,0.0,2.7047480922384253,0.0
1902,tell,0.0,2.01160091167848,0.0
1903,tend,0.0,2.2992829841302607,0.0
1904,tendency,0.0,2.7047480922384253,0.0
1905,tenenbaum,0.0,2.7047480922384253,0.0
1906,tennis,0.0,2.7047480922384253,0.0
1907,tensions,0.0,2.7047480922384253,0.0
1908,term,0.0,2.7047480922384253,0.0
1909,terms,0.0,2.7047480922384253,0.0
1910,tertigas,0.0,2.7047480922384253,0.0
1911,test,0.0,2.01160091167848,0.0
1912,texas,0.0029411764705882353,2.7047480922384253,0.007955141447760074
1913,text,0.004411764705882353,2.2992829841302607,0.010143895518221738
1914,texts,0.0,2.7047480922384253,0.0
1915,textual,0.0029411764705882353,2.7047480922384253,0.007955141447760074
1916,that’s,0.0,2.01160091167848,0.0
1917,theoretical,0.0,2.7047480922384253,0.0
1918,theoretically,0.0,2.7047480922384253,0.0
1919,theory,0.0,2.7047480922384253,0.0
1920,therapeutic,0.0,2.7047480922384253,0.0
1921,therapies,0.0,2.7047480922384253,0.0
1922,there’s,0.0,2.7047480922384253,0.0
1923,thermal,0.0,2.7047480922384253,0.0
1924,they’ll,0.0,2.7047480922384253,0.0
1925,they’re,0.0,2.01160091167848,0.0
1926,think,0.0,2.2992829841302607,0.0
1927,thoughts,0.0,2.7047480922384253,0.0
1928,threat,0.0,2.7047480922384253,0.0
1929,threats,0.0,2.7047480922384253,0.0
1930,throughput,0.0,2.7047480922384253,0.0
1931,throw,0.0,2.7047480922384253,0.0
1932,thrust,0.0,2.7047480922384253,0.0
1933,thunder,0.0,2.7047480922384253,0.0
1934,thunder’s,0.0,2.7047480922384253,0.0
1935,tie,0.0,2.7047480922384253,0.0
1936,tight,0.0,2.7047480922384253,0.0
1937,tighten,0.0,2.7047480922384253,0.0
1938,time,0.0014705882352941176,1.2006706954621513,0.001765692199209046
1939,timeline,0.0,2.7047480922384253,0.0
1940,timeout,0.0,2.7047480922384253,0.0
1941,timeouts,0.0,2.7047480922384253,0.0
1942,title,0.0014705882352941176,2.2992829841302607,0.003381298506073913
1943,titles,0.0014705882352941176,2.2992829841302607,0.003381298506073913
1944,today,0.0,2.7047480922384253,0.0
1945,toddler,0.0,2.7047480922384253,0.0
1946,toddlers’,0.0,2.7047480922384253,0.0
1947,token,0.0,2.7047480922384253,0.0
1948,tokens,0.0,2.7047480922384253,0.0
1949,toni,0.0,2.7047480922384253,0.0
1950,tool,0.0014705882352941176,2.01160091167848,0.002958236634821294
1951,tools,0.0,2.7047480922384253,0.0
1952,top,0.0,2.7047480922384253,0.0
1953,topic,0.0014705882352941176,2.7047480922384253,0.003977570723880037
1954,total,0.0,2.7047480922384253,0.0
1955,touch,0.0,2.7047480922384253,0.0
1956,tough,0.0,2.7047480922384253,0.0
1957,tournament,0.0,2.7047480922384253,0.0
1958,track,0.0,2.7047480922384253,0.0
1959,traditional,0.0,2.2992829841302607,0.0
1960,train,0.0,1.6061358035703155,0.0
1961,tran,0.0,2.7047480922384253,0.0
1962,transcendent,0.0,2.7047480922384253,0.0
1963,transformation,0.0,2.7047480922384253,0.0
1964,transformer,0.0,2.7047480922384253,0.0
1965,transformers,0.0,2.7047480922384253,0.0
1966,translate,0.0,2.2992829841302607,0.0
1967,translation,0.0,2.7047480922384253,0.0
1968,translucent,0.0,2.7047480922384253,0.0
1969,transport,0.0,2.7047480922384253,0.0
1970,treat,0.0,2.7047480922384253,0.0
1971,treatments,0.0,2.7047480922384253,0.0
1972,tree,0.0,2.7047480922384253,0.0
1973,trent,0.0,2.7047480922384253,0.0
1974,trials,0.0,2.7047480922384253,0.0
1975,tribute,0.0,2.7047480922384253,0.0
1976,tricky,0.0,2.7047480922384253,0.0
1977,trophy,0.0,2.7047480922384253,0.0
1978,trouble,0.0,2.7047480922384253,0.0
1979,true,0.0,2.7047480922384253,0.0
1980,trust,0.004411764705882353,2.7047480922384253,0.011932712171640112
1981,trustworthiness,0.0014705882352941176,2.7047480922384253,0.003977570723880037
1982,trustworthy,0.0014705882352941176,2.7047480922384253,0.003977570723880037
1983,tu,0.0,2.7047480922384253,0.0
1984,tuesday,0.0,2.2992829841302607,0.0
1985,tumblr,0.0014705882352941176,2.7047480922384253,0.003977570723880037
1986,tuning,0.0,2.7047480922384253,0.0
1987,turk,0.0,2.7047480922384253,0.0
1988,turn,0.0014705882352941176,1.7884573603642702,0.002630084353476868
1989,twitter,0.0014705882352941176,2.7047480922384253,0.003977570723880037
1990,type,0.0,2.2992829841302607,0.0
1991,types,0.0014705882352941176,2.2992829841302607,0.003381298506073913
1992,typically,0.0029411764705882353,2.01160091167848,0.005916473269642588
1993,typology,0.0029411764705882353,2.7047480922384253,0.007955141447760074
1994,u,0.0,2.2992829841302607,0.0
1995,ufc,0.0,2.7047480922384253,0.0
1996,ultimately,0.0014705882352941176,2.2992829841302607,0.003381298506073913
1997,ultrasounds,0.0,2.7047480922384253,0.0
1998,unacceptable,0.0,2.7047480922384253,0.0
1999,unbothered,0.0,2.7047480922384253,0.0
2000,undefeated,0.0,2.7047480922384253,0.0
2001,underdog,0.0,2.7047480922384253,0.0
2002,underlying,0.0029411764705882353,2.2992829841302607,0.006762597012147826
2003,understand,0.0,1.3184537311185345,0.0
2004,underway,0.0,2.7047480922384253,0.0
2005,undoubtedly,0.0,2.7047480922384253,0.0
2006,unease,0.0,2.7047480922384253,0.0
2007,unexpected,0.0014705882352941176,2.7047480922384253,0.003977570723880037
2008,unfair,0.0,2.7047480922384253,0.0
2009,unintended,0.0029411764705882353,2.7047480922384253,0.007955141447760074
2010,unique,0.0014705882352941176,1.7884573603642702,0.002630084353476868
2011,university,0.0,2.01160091167848,0.0
2012,unprecedented,0.0,2.7047480922384253,0.0
2013,unsupervised,0.0,2.7047480922384253,0.0
2014,untouched,0.0,2.7047480922384253,0.0
2015,upcoming,0.0,2.2992829841302607,0.0
2016,upgrade,0.0,2.7047480922384253,0.0
2017,upheaval,0.0,2.7047480922384253,0.0
2018,ups,0.0,2.7047480922384253,0.0
2019,user,0.0029411764705882353,2.2992829841302607,0.006762597012147826
2020,users,0.008823529411764706,2.7047480922384253,0.023865424343280223
2021,usman,0.0,2.7047480922384253,0.0
2022,utero,0.0,2.7047480922384253,0.0
2023,uterus,0.0,2.7047480922384253,0.0
2024,utility,0.0,2.7047480922384253,0.0
2025,validate,0.0,2.7047480922384253,0.0
2026,value,0.0,2.7047480922384253,0.0
2027,valverde,0.0,2.7047480922384253,0.0
2028,vancomycin,0.0,2.7047480922384253,0.0
2029,variety,0.0029411764705882353,2.2992829841302607,0.006762597012147826
2030,vary,0.0,2.2992829841302607,0.0
2031,vast,0.0,2.7047480922384253,0.0
2032,vazquez,0.0,2.7047480922384253,0.0
2033,vector,0.0,2.7047480922384253,0.0
2034,vectors,0.0,2.7047480922384253,0.0
2035,vehicles,0.0,2.7047480922384253,0.0
2036,version,0.0,2.7047480922384253,0.0
2037,veteran,0.0,2.7047480922384253,0.0
2038,vian,0.0,2.7047480922384253,0.0
2039,vibes,0.0014705882352941176,2.7047480922384253,0.003977570723880037
2040,vice,0.0,2.7047480922384253,0.0
2041,vicious,0.0,2.7047480922384253,0.0
2042,victory,0.0,2.7047480922384253,0.0
2043,video,0.0,2.7047480922384253,0.0
2044,videos,0.0,2.7047480922384253,0.0
2045,view,0.0014705882352941176,1.4519851237430572,0.0021352722407986134
2046,viewers,0.0014705882352941176,2.7047480922384253,0.003977570723880037
2047,viewers’,0.0014705882352941176,2.7047480922384253,0.003977570723880037
2048,viewpoints,0.0,2.7047480922384253,0.0
2049,villages,0.0,2.7047480922384253,0.0
2050,vincent,0.0,2.7047480922384253,0.0
2051,vincit,0.0,2.7047480922384253,0.0
2052,violation,0.0,2.7047480922384253,0.0
2053,violence,0.0014705882352941176,2.7047480922384253,0.003977570723880037
2054,virtual,0.0,2.7047480922384253,0.0
2055,vision,0.0,2.7047480922384253,0.0
2056,visual,0.0014705882352941176,2.2992829841302607,0.003381298506073913
2057,visualization,0.011764705882352941,2.7047480922384253,0.0318205657910403
2058,visualizations,0.025,2.7047480922384253,0.06761870230596063
2059,vocabulary,0.0,2.7047480922384253,0.0
2060,vocal,0.0,2.7047480922384253,0.0
2061,voice,0.0,2.2992829841302607,0.0
2062,volumes,0.0,2.7047480922384253,0.0
2063,volumetric,0.0,2.7047480922384253,0.0
2064,w,0.0,2.7047480922384253,0.0
2065,wake,0.0,2.7047480922384253,0.0
2066,walk,0.0,2.7047480922384253,0.0
2067,wang,0.0,2.7047480922384253,0.0
2068,want,0.0029411764705882353,2.2992829841302607,0.006762597012147826
2069,warn,0.0,2.7047480922384253,0.0
2070,warriors,0.0,2.7047480922384253,0.0
2071,wasn’t,0.0,2.01160091167848,0.0
2072,watch,0.0,2.7047480922384253,0.0
2073,water,0.0,2.2992829841302607,0.0
2074,ways,0.0,2.7047480922384253,0.0
2075,weak,0.0,2.7047480922384253,0.0
2076,wear,0.0,2.2992829841302607,0.0
2077,web,0.0,2.7047480922384253,0.0
2078,website,0.0014705882352941176,2.2992829841302607,0.003381298506073913
2079,week,0.0,2.2992829841302607,0.0
2080,weeks,0.0,2.01160091167848,0.0
2081,weight,0.0,2.7047480922384253,0.0
2082,weights,0.0,2.7047480922384253,0.0
2083,weston,0.0,2.7047480922384253,0.0
2084,wet,0.0,2.7047480922384253,0.0
2085,we’re,0.0,2.7047480922384253,0.0
2086,we’ve,0.0014705882352941176,2.2992829841302607,0.003381298506073913
2087,white,0.0,2.2992829841302607,0.0
2088,who’s,0.0,2.7047480922384253,0.0
2089,wide,0.0,2.7047480922384253,0.0
2090,wikipedia,0.0,2.7047480922384253,0.0
2091,win,0.0014705882352941176,2.01160091167848,0.002958236634821294
2092,wireless,0.0,2.7047480922384253,0.0
2093,wistron,0.0,2.7047480922384253,0.0
2094,womb,0.0,2.7047480922384253,0.0
2095,women,0.0,2.7047480922384253,0.0
2096,won’t,0.0,2.7047480922384253,0.0
2097,word,0.0,2.7047480922384253,0.0
2098,words,0.0014705882352941176,1.7884573603642702,0.002630084353476868
2099,wordspice,0.0,2.7047480922384253,0.0
2100,work,0.007352941176470588,1.095310179804325,0.008053751322090625
2101,workplace,0.0,2.7047480922384253,0.0
2102,world,0.0014705882352941176,1.6061358035703155,0.0023619644170151696
2103,worry,0.0,2.7047480922384253,0.0
2104,worsen,0.0,2.7047480922384253,0.0
2105,worsening,0.0,2.7047480922384253,0.0
2106,wrap,0.0,2.2992829841302607,0.0
2107,write,0.0,2.01160091167848,0.0
2108,wrong,0.0,2.7047480922384253,0.0
2109,wrongness,0.0,2.7047480922384253,0.0
2110,xabi,0.0,2.7047480922384253,0.0
2111,year,0.0,2.7047480922384253,0.0
2112,years,0.0014705882352941176,2.01160091167848,0.002958236634821294
2113,yeganeh,0.0,2.7047480922384253,0.0
2114,yellow,0.0,2.7047480922384253,0.0
2115,yingcheng,0.0,2.7047480922384253,0.0
2116,yorker,0.0014705882352941176,2.7047480922384253,0.003977570723880037
2117,younger,0.0,2.7047480922384253,0.0
2118,yousefi,0.0,2.7047480922384253,0.0
2119,you’re,0.0,2.7047480922384253,0.0
2120,you’ve,0.0,2.7047480922384253,0.0
2121,yves,0.0,2.7047480922384253,0.0
2122,zeroed,0.0,2.7047480922384253,0.0
2123,zewe,0.0014705882352941176,2.2992829841302607,0.003381298506073913
2124,£369,0.0,2.7047480922384253,0.0
2125,​​jakob,0.0,2.7047480922384253,0.0
2126,–,0.0,2.7047480922384253,0.0
2127,—,0.0029411764705882353,1.3184537311185345,0.0038778050915251015
2128,‘bad,0.0,2.7047480922384253,0.0
2129,‘either,0.0,2.7047480922384253,0.0
2130,’21,0.0,2.7047480922384253,0.0
2131,’22,0.0,2.7047480922384253,0.0
2132,’25,0.0,2.7047480922384253,0.0
2133,’”,0.0,2.7047480922384253,0.0
2134,“68,0.0,2.7047480922384253,0.0
2135,“a,0.0,2.2992829841302607,0.0
2136,“ai,0.0,2.7047480922384253,0.0
2137,“and,0.0,2.7047480922384253,0.0
2138,“atmosphere”,0.0,2.7047480922384253,0.0
2139,“being,0.0,2.7047480922384253,0.0
2140,“bespoke,0.0,2.7047480922384253,0.0
2141,“boomer,0.0014705882352941176,2.7047480922384253,0.003977570723880037
2142,“fetal,0.0,2.7047480922384253,0.0
2143,“going,0.0,2.7047480922384253,0.0
2144,“he’s,0.0,2.7047480922384253,0.0
2145,“i,0.0,2.7047480922384253,0.0
2146,“if,0.0029411764705882353,2.01160091167848,0.005916473269642588
2147,“in,0.0,2.2992829841302607,0.0
2148,“invisible”,0.0,2.7047480922384253,0.0
2149,“it,0.0014705882352941176,1.7884573603642702,0.002630084353476868
2150,“it’s,0.0,2.7047480922384253,0.0
2151,“i’m,0.0,2.7047480922384253,0.0
2152,“i’ve,0.0,2.7047480922384253,0.0
2153,“kinematic,0.0,2.7047480922384253,0.0
2154,“labor,0.0,2.7047480922384253,0.0
2155,“leap,0.0,2.7047480922384253,0.0
2156,“let’s,0.0,2.7047480922384253,0.0
2157,“microsoft,0.0014705882352941176,2.7047480922384253,0.003977570723880037
2158,“nba,0.0,2.7047480922384253,0.0
2159,“new,0.0014705882352941176,2.7047480922384253,0.003977570723880037
2160,“obviously,0.0,2.7047480922384253,0.0
2161,“oklahoma,0.0,2.7047480922384253,0.0
2162,“one,0.0,2.2992829841302607,0.0
2163,“our,0.0014705882352941176,2.2992829841302607,0.003381298506073913
2164,“part,0.0014705882352941176,2.7047480922384253,0.003977570723880037
2165,“pointing”,0.0014705882352941176,2.7047480922384253,0.003977570723880037
2166,“rather,0.0,2.7047480922384253,0.0
2167,“ring,0.0,2.7047480922384253,0.0
2168,“set,0.0,2.7047480922384253,0.0
2169,“smil,0.0,2.7047480922384253,0.0
2170,“smpl”,0.0,2.7047480922384253,0.0
2171,“so,0.0,2.7047480922384253,0.0
2172,“some,0.0014705882352941176,2.7047480922384253,0.003977570723880037
2173,“something,0.0,2.7047480922384253,0.0
2174,“that,0.0,2.2992829841302607,0.0
2175,“the,0.0,1.6061358035703155,0.0
2176,“these,0.0,2.7047480922384253,0.0
2177,“they’ve,0.0,2.7047480922384253,0.0
2178,“this,0.0029411764705882353,1.7884573603642702,0.005260168706953736
2179,“using,0.0,2.7047480922384253,0.0
2180,“vibes,0.0014705882352941176,2.7047480922384253,0.003977570723880037
2181,“we,0.0014705882352941176,2.2992829841302607,0.003381298506073913
2182,“we’ve,0.0014705882352941176,2.7047480922384253,0.003977570723880037
2183,“what,0.0,2.7047480922384253,0.0
2184,“when,0.0,2.2992829841302607,0.0
2185,“will,0.0,2.7047480922384253,0.0
2186,“work,0.0,2.7047480922384253,0.0
2187,“you,0.0,2.7047480922384253,0.0
2188,”,0.020588235294117647,1.2006706954621513,0.024719690788926645
